event,channel,band,n_epochs,absolute_power_uv2_per_hz,relative_power
S_1,Fp1,delta_1_4Hz,6,7.530594590717294,0.24828985501679587
S_1,Fp1,theta_4_8Hz,6,3.2374776734373563,0.10346824066188315
S_1,Fp1,alpha_8_13Hz,6,1.2025589175046825,0.0399571798197908
S_1,Fp1,beta_13_30Hz,6,8.626009845863148,0.32717804481554014
S_1,F3,delta_1_4Hz,6,7.384659301552942,0.25612613957448443
S_1,F3,theta_4_8Hz,6,2.0767531242095534,0.08331618284180675
S_1,F3,alpha_8_13Hz,6,0.9682111501928541,0.03694450283808346
S_1,F3,beta_13_30Hz,6,11.17934637394607,0.37989337752180696
S_1,F7,delta_1_4Hz,6,15.627367572738603,0.314524128407661
S_1,F7,theta_4_8Hz,6,4.254666069321021,0.0888805082678839
S_1,F7,alpha_8_13Hz,6,1.7967384424624067,0.0429133028310198
S_1,F7,beta_13_30Hz,6,11.568423586165526,0.25379544655419045
S_1,FT9,delta_1_4Hz,6,5.818383710700487,0.2531083398619199
S_1,FT9,theta_4_8Hz,6,2.0089165576294703,0.08035810769718153
S_1,FT9,alpha_8_13Hz,6,0.9710014563580031,0.047952817084842954
S_1,FT9,beta_13_30Hz,6,6.967584311286379,0.3304946890979868
S_1,FC5,delta_1_4Hz,6,6.260509930999378,0.2795991834227466
S_1,FC5,theta_4_8Hz,6,0.9924077382698498,0.0516371025394613
S_1,FC5,alpha_8_13Hz,6,0.8478658513371208,0.04250386830869025
S_1,FC5,beta_13_30Hz,6,9.370391541619687,0.3937532018416959
S_1,FC1,delta_1_4Hz,6,4.700714169326129,0.2448990196039149
S_1,FC1,theta_4_8Hz,6,1.0170304084071915,0.08183263198865957
S_1,FC1,alpha_8_13Hz,6,0.8094280698337241,0.04650880620919556
S_1,FC1,beta_13_30Hz,6,5.766729303816036,0.3419084691290926
S_1,C3,delta_1_4Hz,6,3.296532413317972,0.2404968276813503
S_1,C3,theta_4_8Hz,6,0.5114568888087155,0.0477759223026297
S_1,C3,alpha_8_13Hz,6,0.7261537818518357,0.055938489044104506
S_1,C3,beta_13_30Hz,6,6.040946162047721,0.39784767024771206
S_1,T7,delta_1_4Hz,6,3.980043298096917,0.1593158311507091
S_1,T7,theta_4_8Hz,6,0.8551848751195558,0.03227407888005553
S_1,T7,alpha_8_13Hz,6,0.6089629850451044,0.02694647742471598
S_1,T7,beta_13_30Hz,6,11.40381346720983,0.45226517134719896
S_1,TP9,delta_1_4Hz,6,3.9492926200731486,0.1669036562809816
S_1,TP9,theta_4_8Hz,6,0.9389223561774025,0.04550407199347641
S_1,TP9,alpha_8_13Hz,6,1.0518491688945462,0.047978836886566005
S_1,TP9,beta_13_30Hz,6,7.65541625566994,0.3539869433503775
S_1,CP5,delta_1_4Hz,6,3.08686744636774,0.18983160608706062
S_1,CP5,theta_4_8Hz,6,1.1737249659293802,0.07666439364300388
S_1,CP5,alpha_8_13Hz,6,0.6097497748165052,0.04084363077604213
S_1,CP5,beta_13_30Hz,6,6.203847003690908,0.38995416711690223
S_1,CP1,delta_1_4Hz,6,3.2103557733128465,0.24176808140241812
S_1,CP1,theta_4_8Hz,6,0.9672527406371925,0.0780894200636344
S_1,CP1,alpha_8_13Hz,6,1.0943394101999853,0.07602760878319088
S_1,CP1,beta_13_30Hz,6,4.159314420379482,0.300115677264061
S_1,Pz,delta_1_4Hz,6,3.238027553622313,0.2176152386751009
S_1,Pz,theta_4_8Hz,6,2.021231012828665,0.12799827844163406
S_1,Pz,alpha_8_13Hz,6,1.0208356495157882,0.06598301248869277
S_1,Pz,beta_13_30Hz,6,3.6675560889289494,0.23469129496937383
S_1,P3,delta_1_4Hz,6,4.363509474768116,0.205814198211814
S_1,P3,theta_4_8Hz,6,2.0180958012753822,0.09469626177502456
S_1,P3,alpha_8_13Hz,6,1.7485190606202277,0.08358615098778388
S_1,P3,beta_13_30Hz,6,5.306275142661352,0.2633218705642941
S_1,P7,delta_1_4Hz,6,2.2402964829141188,0.13615629888777697
S_1,P7,theta_4_8Hz,6,1.27162961520554,0.07690868858771827
S_1,P7,alpha_8_13Hz,6,1.302586137672073,0.07420124352348033
S_1,P7,beta_13_30Hz,6,6.348605081449416,0.3652305779316618
S_1,O1,delta_1_4Hz,6,3.981301039355479,0.1385709626180762
S_1,O1,theta_4_8Hz,6,1.5191100279036287,0.04966119704036676
S_1,O1,alpha_8_13Hz,6,1.4621955776540474,0.046752885249232844
S_1,O1,beta_13_30Hz,6,11.585128807416982,0.4104044971384
S_1,Oz,delta_1_4Hz,6,4.541014715912741,0.18000747327825783
S_1,Oz,theta_4_8Hz,6,1.8320915187412128,0.07540820690386775
S_1,Oz,alpha_8_13Hz,6,1.4516104416720448,0.055737867730840475
S_1,Oz,beta_13_30Hz,6,8.52105665784173,0.33551624513480244
S_1,O2,delta_1_4Hz,6,4.885679361622006,0.12152805115023348
S_1,O2,theta_4_8Hz,6,3.1298228490338325,0.08791956253242882
S_1,O2,alpha_8_13Hz,6,2.4203893470229265,0.05812603158865487
S_1,O2,beta_13_30Hz,6,14.5934611836625,0.3428649934842287
S_1,P4,delta_1_4Hz,6,3.6725110776608987,0.27250168861611984
S_1,P4,theta_4_8Hz,6,0.8329708711984639,0.06849012627874858
S_1,P4,alpha_8_13Hz,6,1.0078422597181245,0.08747262519260408
S_1,P4,beta_13_30Hz,6,3.2417626471806074,0.24524101581641222
S_1,P8,delta_1_4Hz,6,5.449607649016532,0.19849434421760492
S_1,P8,theta_4_8Hz,6,1.6229845752976384,0.07766432601028007
S_1,P8,alpha_8_13Hz,6,0.8851411133604493,0.0465526259622549
S_1,P8,beta_13_30Hz,6,8.630512026874813,0.35975537984967176
S_1,TP10,delta_1_4Hz,6,5.617682306120162,0.13073655665008613
S_1,TP10,theta_4_8Hz,6,1.6837022088544982,0.03964760801205588
S_1,TP10,alpha_8_13Hz,6,1.499623430825411,0.0384854698922988
S_1,TP10,beta_13_30Hz,6,18.049726805002056,0.43949237931473606
S_1,CP6,delta_1_4Hz,6,3.1042042673689365,0.14675076238843462
S_1,CP6,theta_4_8Hz,6,1.9033822003117928,0.09940571895632139
S_1,CP6,alpha_8_13Hz,6,1.7938374530720262,0.10552888944450191
S_1,CP6,beta_13_30Hz,6,6.327695251726326,0.3077571078832296
S_1,CP2,delta_1_4Hz,6,2.7709876860499403,0.20807669973644258
S_1,CP2,theta_4_8Hz,6,1.3272052549408873,0.10437833195300959
S_1,CP2,alpha_8_13Hz,6,0.8921861914463832,0.08248931047896223
S_1,CP2,beta_13_30Hz,6,3.2853210832778004,0.28347680789475893
S_1,Cz,delta_1_4Hz,6,5.149751122382572,0.3260531077078557
S_1,Cz,theta_4_8Hz,6,1.2836620241212013,0.08669944832243232
S_1,Cz,alpha_8_13Hz,6,0.7755219429196996,0.05120782337744529
S_1,Cz,beta_13_30Hz,6,3.004710807096277,0.2149030391955982
S_1,C4,delta_1_4Hz,6,1.7583810667922217,0.12199227996400579
S_1,C4,theta_4_8Hz,6,1.1636301085537029,0.07817612166204103
S_1,C4,alpha_8_13Hz,6,1.0297945356502876,0.07218586593051107
S_1,C4,beta_13_30Hz,6,6.240021774342513,0.41366767828960876
S_1,T8,delta_1_4Hz,6,5.552245225168153,0.15162234885097967
S_1,T8,theta_4_8Hz,6,1.8475309687107468,0.051087188759461895
S_1,T8,alpha_8_13Hz,6,1.0933943677203404,0.028307873786646388
S_1,T8,beta_13_30Hz,6,18.96484004902403,0.40761194010587065
S_1,FT10,delta_1_4Hz,6,12.946212732542351,0.33756680613733003
S_1,FT10,theta_4_8Hz,6,2.222620615170889,0.062059487529947555
S_1,FT10,alpha_8_13Hz,6,1.048383830901941,0.028720696750783845
S_1,FT10,beta_13_30Hz,6,10.350066147727137,0.3297797779121419
S_1,FC6,delta_1_4Hz,6,4.448657365369917,0.19222653312056984
S_1,FC6,theta_4_8Hz,6,1.4083558688768578,0.06628025248373239
S_1,FC6,alpha_8_13Hz,6,0.5524499466550098,0.024203520435369264
S_1,FC6,beta_13_30Hz,6,10.496430992841828,0.4945333830130921
S_1,FC2,delta_1_4Hz,6,2.2614227108999785,0.2124596916453784
S_1,FC2,theta_4_8Hz,6,0.7263610258706071,0.07128670109631635
S_1,FC2,alpha_8_13Hz,6,0.558533541718327,0.05894809840445161
S_1,FC2,beta_13_30Hz,6,3.3333125067925833,0.36612417243185114
S_1,F4,delta_1_4Hz,6,4.443937073608343,0.24090880151137808
S_1,F4,theta_4_8Hz,6,0.8708437579454072,0.05459552957423008
S_1,F4,alpha_8_13Hz,6,0.815592264245572,0.046564882319081714
S_1,F4,beta_13_30Hz,6,7.473019195345213,0.42024643789454097
S_1,F8,delta_1_4Hz,6,17.524960252594028,0.3331679062896179
S_1,F8,theta_4_8Hz,6,3.048239415403413,0.057520824850951224
S_1,F8,alpha_8_13Hz,6,1.1510951457156475,0.021837477692680643
S_1,F8,beta_13_30Hz,6,17.023138896793906,0.3603943393090445
S_1,Fp2,delta_1_4Hz,6,9.622308166632433,0.34991996979127915
S_1,Fp2,theta_4_8Hz,6,2.1766807737356904,0.07881260011758602
S_1,Fp2,alpha_8_13Hz,6,0.7601949681204042,0.029702945748769177
S_1,Fp2,beta_13_30Hz,6,6.951744090687515,0.27852265838584833
S_2,Fp1,delta_1_4Hz,8,85.39859770551382,0.465624891667516
S_2,Fp1,theta_4_8Hz,8,18.802045103965497,0.08893806178951266
S_2,Fp1,alpha_8_13Hz,8,1.1340978088561742,0.012344375779532709
S_2,Fp1,beta_13_30Hz,8,6.5537798182267,0.10727962279598718
S_2,F3,delta_1_4Hz,8,11.679802795773528,0.3911870606322127
S_2,F3,theta_4_8Hz,8,2.2220507469990705,0.08062653617193939
S_2,F3,alpha_8_13Hz,8,0.508325975832719,0.018377817585678705
S_2,F3,beta_13_30Hz,8,6.596390470748858,0.22251228411061366
S_2,F7,delta_1_4Hz,8,21.62188454928765,0.4252712797553517
S_2,F7,theta_4_8Hz,8,3.0088834357248584,0.06240417116083573
S_2,F7,alpha_8_13Hz,8,1.2218554711235738,0.02780478024527238
S_2,F7,beta_13_30Hz,8,10.41681859653094,0.20478289163714178
S_2,FT9,delta_1_4Hz,8,9.995633434256616,0.34361013592053086
S_2,FT9,theta_4_8Hz,8,2.3609398496087866,0.0807198663985681
S_2,FT9,alpha_8_13Hz,8,1.267165454650921,0.04327900750857886
S_2,FT9,beta_13_30Hz,8,6.014795458209969,0.22763498846465066
S_2,FC5,delta_1_4Hz,8,4.910413566182418,0.2777191933162352
S_2,FC5,theta_4_8Hz,8,1.3792784640095554,0.08323836787633328
S_2,FC5,alpha_8_13Hz,8,0.4100538305837851,0.02972055828382925
S_2,FC5,beta_13_30Hz,8,5.064110401828831,0.34372843853897495
S_2,FC1,delta_1_4Hz,8,3.8751553574679325,0.2691567631901926
S_2,FC1,theta_4_8Hz,8,1.5742963490159014,0.1046815967740411
S_2,FC1,alpha_8_13Hz,8,0.5429584416368117,0.04033579794035981
S_2,FC1,beta_13_30Hz,8,3.6469943204659443,0.2720906992271967
S_2,C3,delta_1_4Hz,8,1.9184970550213805,0.18131854396270683
S_2,C3,theta_4_8Hz,8,1.341254422925494,0.13668557305951795
S_2,C3,alpha_8_13Hz,8,0.4729493489966315,0.048096847623943895
S_2,C3,beta_13_30Hz,8,2.977046223252593,0.3043677729699048
S_2,T7,delta_1_4Hz,8,4.423151443925471,0.14053688740225903
S_2,T7,theta_4_8Hz,8,1.784588502010887,0.057236676437601705
S_2,T7,alpha_8_13Hz,8,0.8160415514053933,0.026105665132480853
S_2,T7,beta_13_30Hz,8,13.132145513656987,0.43485019585844537
S_2,TP9,delta_1_4Hz,8,7.276674978479387,0.24996554906576318
S_2,TP9,theta_4_8Hz,8,1.753265583186751,0.05784185064863259
S_2,TP9,alpha_8_13Hz,8,1.0813632126363866,0.0447687202789223
S_2,TP9,beta_13_30Hz,8,7.863126902105558,0.29298876380890687
S_2,CP5,delta_1_4Hz,8,4.488288867847697,0.19063700917499116
S_2,CP5,theta_4_8Hz,8,3.3444700645996175,0.14163579330688517
S_2,CP5,alpha_8_13Hz,8,0.8602607486802307,0.04435948071478775
S_2,CP5,beta_13_30Hz,8,4.73951344368901,0.24167355288535936
S_2,CP1,delta_1_4Hz,8,2.380877752219771,0.18642125411792274
S_2,CP1,theta_4_8Hz,8,1.8259618414275576,0.14056776156425724
S_2,CP1,alpha_8_13Hz,8,0.9171039443453635,0.07315839753052124
S_2,CP1,beta_13_30Hz,8,2.854910925012948,0.2239287010840674
S_2,Pz,delta_1_4Hz,8,4.5887170764395195,0.2648712529677242
S_2,Pz,theta_4_8Hz,8,1.4654064927107848,0.08692327462998183
S_2,Pz,alpha_8_13Hz,8,0.870075027715656,0.04910044056287377
S_2,Pz,beta_13_30Hz,8,4.42370568675023,0.2700156661604484
S_2,P3,delta_1_4Hz,8,6.522033459446791,0.20091757495125065
S_2,P3,theta_4_8Hz,8,3.380223500197585,0.10623682590873265
S_2,P3,alpha_8_13Hz,8,1.810972953242879,0.062264712691825236
S_2,P3,beta_13_30Hz,8,6.601963395782851,0.2530725283576145
S_2,P7,delta_1_4Hz,8,4.682764611189779,0.20150335445150924
S_2,P7,theta_4_8Hz,8,3.005679203996133,0.13586491971135475
S_2,P7,alpha_8_13Hz,8,1.058449764463585,0.04814056418291639
S_2,P7,beta_13_30Hz,8,4.832993524747008,0.22010488898795644
S_2,O1,delta_1_4Hz,8,6.268709109764921,0.15118171722192308
S_2,O1,theta_4_8Hz,8,4.614973707042981,0.11310612811449937
S_2,O1,alpha_8_13Hz,8,2.3966573835642566,0.05714393111076059
S_2,O1,beta_13_30Hz,8,11.118905622758602,0.2754510640946112
S_2,Oz,delta_1_4Hz,8,6.442335856002391,0.20895363053347524
S_2,Oz,theta_4_8Hz,8,3.947167316368594,0.12372855090134663
S_2,Oz,alpha_8_13Hz,8,1.5195156683901745,0.04939319726205081
S_2,Oz,beta_13_30Hz,8,7.891344119198508,0.24727639911769767
S_2,O2,delta_1_4Hz,8,6.865762544499843,0.14065824786373188
S_2,O2,theta_4_8Hz,8,4.761040484520387,0.10044656784303096
S_2,O2,alpha_8_13Hz,8,2.4089207535163046,0.04952227557475575
S_2,O2,beta_13_30Hz,8,16.07560429312842,0.32291863690964173
S_2,P4,delta_1_4Hz,8,4.050637832303479,0.26931229174508114
S_2,P4,theta_4_8Hz,8,1.4081013845363615,0.10554968198276958
S_2,P4,alpha_8_13Hz,8,0.7586148138307406,0.05956091298692011
S_2,P4,beta_13_30Hz,8,3.022175101828533,0.2142402732173371
S_2,P8,delta_1_4Hz,8,5.7472937277009075,0.24234828219602822
S_2,P8,theta_4_8Hz,8,2.167550856912766,0.09786979949586125
S_2,P8,alpha_8_13Hz,8,0.8960236011975082,0.039750475368878754
S_2,P8,beta_13_30Hz,8,5.944118099953666,0.2785104137840044
S_2,TP10,delta_1_4Hz,8,7.918540235350319,0.16228515435155
S_2,TP10,theta_4_8Hz,8,2.0144520889774125,0.04938748297558506
S_2,TP10,alpha_8_13Hz,8,1.095758463848401,0.026516473904751963
S_2,TP10,beta_13_30Hz,8,18.126628120157605,0.4045808957690683
S_2,CP6,delta_1_4Hz,8,4.508375505116119,0.2305343385859357
S_2,CP6,theta_4_8Hz,8,1.7685560577648418,0.10031031978105115
S_2,CP6,alpha_8_13Hz,8,0.9309875486374037,0.051346816940816824
S_2,CP6,beta_13_30Hz,8,4.70664198215019,0.29384781909413893
S_2,CP2,delta_1_4Hz,8,2.630025424575104,0.20675454681130256
S_2,CP2,theta_4_8Hz,8,1.3423445787068782,0.1207284960202947
S_2,CP2,alpha_8_13Hz,8,0.7554972210585564,0.07015448803034838
S_2,CP2,beta_13_30Hz,8,2.762157764307142,0.2503087155433335
S_2,Cz,delta_1_4Hz,8,2.407648414681158,0.19205998172248182
S_2,Cz,theta_4_8Hz,8,1.9540885710257585,0.15177788121088928
S_2,Cz,alpha_8_13Hz,8,0.8530981704304033,0.07301164801414106
S_2,Cz,beta_13_30Hz,8,2.4394515576923084,0.19336121953253366
S_2,C4,delta_1_4Hz,8,3.7145850209794156,0.23208691360680117
S_2,C4,theta_4_8Hz,8,1.1309034453139277,0.08040505916796253
S_2,C4,alpha_8_13Hz,8,0.7028553539013385,0.046308928835159455
S_2,C4,beta_13_30Hz,8,4.72870089979675,0.3290772462266095
S_2,T8,delta_1_4Hz,8,5.692777327193993,0.1277372706431149
S_2,T8,theta_4_8Hz,8,1.843601426059817,0.045097812864520734
S_2,T8,alpha_8_13Hz,8,0.8785762397111776,0.02233057691886363
S_2,T8,beta_13_30Hz,8,20.826360072025132,0.4738137021182903
S_2,FT10,delta_1_4Hz,8,11.516741592317077,0.336198697130651
S_2,FT10,theta_4_8Hz,8,2.13883224909528,0.07823045319500213
S_2,FT10,alpha_8_13Hz,8,0.6964750956164398,0.031263090625544214
S_2,FT10,beta_13_30Hz,8,5.559344037277487,0.236067451161749
S_2,FC6,delta_1_4Hz,8,5.033284858803434,0.2163002013329649
S_2,FC6,theta_4_8Hz,8,1.482471368113683,0.07256626596705991
S_2,FC6,alpha_8_13Hz,8,0.6163503626772693,0.033541131337184824
S_2,FC6,beta_13_30Hz,8,8.28671884945102,0.3993774260826458
S_2,FC2,delta_1_4Hz,8,2.5066163048218177,0.2217029351758103
S_2,FC2,theta_4_8Hz,8,1.2689761902050503,0.11262439746597164
S_2,FC2,alpha_8_13Hz,8,0.6259640283303788,0.05796096456569215
S_2,FC2,beta_13_30Hz,8,3.4281790348417434,0.29013648906030826
S_2,F4,delta_1_4Hz,8,8.547438005814604,0.289857231811279
S_2,F4,theta_4_8Hz,8,2.809237768897654,0.09694504897440007
S_2,F4,alpha_8_13Hz,8,0.897661386129359,0.03704140053694122
S_2,F4,beta_13_30Hz,8,7.014562894817875,0.2639832421899877
S_2,F8,delta_1_4Hz,8,14.791867766379461,0.3219219234103506
S_2,F8,theta_4_8Hz,8,5.060980906307575,0.11250701059304011
S_2,F8,alpha_8_13Hz,8,1.0285186421242827,0.035407400823153405
S_2,F8,beta_13_30Hz,8,8.865963296237407,0.21276219811478683
S_2,Fp2,delta_1_4Hz,8,97.822797993431,0.3643741861656664
S_2,Fp2,theta_4_8Hz,8,30.30678881639629,0.1250439208517568
S_2,Fp2,alpha_8_13Hz,8,1.751388698679433,0.025909728832487215
S_2,Fp2,beta_13_30Hz,8,5.4965533966245514,0.1287380105195916
S_3,Fp1,delta_1_4Hz,8,32.633416511885834,0.3623872374687769
S_3,Fp1,theta_4_8Hz,8,6.680699481724601,0.09775812552487817
S_3,Fp1,alpha_8_13Hz,8,1.3684144709362192,0.03568826516533735
S_3,Fp1,beta_13_30Hz,8,6.7386033673445125,0.19414573467801782
S_3,F3,delta_1_4Hz,8,7.381229129668172,0.27822157473647924
S_3,F3,theta_4_8Hz,8,1.7265614943844267,0.06118686448630731
S_3,F3,alpha_8_13Hz,8,0.8774966433633544,0.03298878029558182
S_3,F3,beta_13_30Hz,8,11.304225829680677,0.39018549150199966
S_3,F7,delta_1_4Hz,8,15.066728645755454,0.32270374859464757
S_3,F7,theta_4_8Hz,8,3.7233484058490482,0.0872740973081671
S_3,F7,alpha_8_13Hz,8,1.1896880443973232,0.02679548370878138
S_3,F7,beta_13_30Hz,8,13.61970721501212,0.28234392511048956
S_3,FT9,delta_1_4Hz,8,7.120434033536094,0.2524838080832124
S_3,FT9,theta_4_8Hz,8,2.2355643905197824,0.08012371417731609
S_3,FT9,alpha_8_13Hz,8,1.1750881218671336,0.04922352114586795
S_3,FT9,beta_13_30Hz,8,7.649528045378498,0.3232425138490914
S_3,FC5,delta_1_4Hz,8,4.4596483457126554,0.22359053302955248
S_3,FC5,theta_4_8Hz,8,1.2148626373960498,0.06273049581184072
S_3,FC5,alpha_8_13Hz,8,0.7363035182819984,0.03776873514728322
S_3,FC5,beta_13_30Hz,8,8.501217596790143,0.4403225969530703
S_3,FC1,delta_1_4Hz,8,3.2831385579562373,0.20290681736310992
S_3,FC1,theta_4_8Hz,8,1.120894494471637,0.06304960853735239
S_3,FC1,alpha_8_13Hz,8,0.8374786468719512,0.05231435702211973
S_3,FC1,beta_13_30Hz,8,6.973808030062709,0.42537253063182723
S_3,C3,delta_1_4Hz,8,1.6263426935516998,0.16448721443255632
S_3,C3,theta_4_8Hz,8,0.8578001033694075,0.07638551140349903
S_3,C3,alpha_8_13Hz,8,0.6812952538907645,0.061862057882591706
S_3,C3,beta_13_30Hz,8,4.586246919693117,0.4163258598372332
S_3,T7,delta_1_4Hz,8,3.5820240219636412,0.12423412294036755
S_3,T7,theta_4_8Hz,8,1.4809877769719344,0.044279255908180944
S_3,T7,alpha_8_13Hz,8,1.1133420642196048,0.03839194277562287
S_3,T7,beta_13_30Hz,8,13.576617943936201,0.4709712892337439
S_3,TP9,delta_1_4Hz,8,5.192477159592904,0.15206732551017782
S_3,TP9,theta_4_8Hz,8,2.2079293375912084,0.07234690584357306
S_3,TP9,alpha_8_13Hz,8,1.20277643138155,0.040233952443243876
S_3,TP9,beta_13_30Hz,8,11.376465980016707,0.3888713956378069
S_3,CP5,delta_1_4Hz,8,3.601811360205455,0.16946813692658902
S_3,CP5,theta_4_8Hz,8,1.8339152247518897,0.08173925428440086
S_3,CP5,alpha_8_13Hz,8,1.6240552825064172,0.07920427627803872
S_3,CP5,beta_13_30Hz,8,7.141107330215558,0.35489804723238727
S_3,CP1,delta_1_4Hz,8,1.793347901746002,0.14647644743057203
S_3,CP1,theta_4_8Hz,8,1.279578244689196,0.10543920172767784
S_3,CP1,alpha_8_13Hz,8,0.9610624494399007,0.08098020521974655
S_3,CP1,beta_13_30Hz,8,4.289975891386285,0.35191253223049673
S_3,Pz,delta_1_4Hz,8,2.567041563426501,0.15632027066729226
S_3,Pz,theta_4_8Hz,8,1.9455975242823402,0.12313026282656479
S_3,Pz,alpha_8_13Hz,8,1.0078273722244855,0.06477190132590453
S_3,Pz,beta_13_30Hz,8,5.526365693385089,0.34392494587233213
S_3,P3,delta_1_4Hz,8,4.18788053289753,0.1618467028484109
S_3,P3,theta_4_8Hz,8,1.833338923932616,0.08171922910074997
S_3,P3,alpha_8_13Hz,8,2.182697353038364,0.08753441945662827
S_3,P3,beta_13_30Hz,8,7.025323318449557,0.35713729434093167
S_3,P7,delta_1_4Hz,8,6.456303662947877,0.21647436802447725
S_3,P7,theta_4_8Hz,8,2.1766144023480263,0.07743006455599558
S_3,P7,alpha_8_13Hz,8,1.992434914054956,0.07644288958328788
S_3,P7,beta_13_30Hz,8,6.865195982808539,0.287967539660563
S_3,O1,delta_1_4Hz,8,5.243878789806063,0.125320221098121
S_3,O1,theta_4_8Hz,8,4.019791903393365,0.10753037593137696
S_3,O1,alpha_8_13Hz,8,3.36978618807728,0.09019263035354075
S_3,O1,beta_13_30Hz,8,10.802429454684626,0.28305425872650125
S_3,Oz,delta_1_4Hz,8,4.816072518179025,0.12425433629631259
S_3,Oz,theta_4_8Hz,8,3.228166282427312,0.10189276733937858
S_3,Oz,alpha_8_13Hz,8,2.42711897912514,0.07823397879799607
S_3,Oz,beta_13_30Hz,8,9.943686810800706,0.31346756169335854
S_3,O2,delta_1_4Hz,8,7.312855051340776,0.11489175276580196
S_3,O2,theta_4_8Hz,8,4.203886429871534,0.07099258763737717
S_3,O2,alpha_8_13Hz,8,3.9021458445290764,0.07053976817075143
S_3,O2,beta_13_30Hz,8,18.105043039128184,0.3418857233053421
S_3,P4,delta_1_4Hz,8,3.0297608717841538,0.19462450940160564
S_3,P4,theta_4_8Hz,8,1.47053944638343,0.09762445745022079
S_3,P4,alpha_8_13Hz,8,0.822258853931148,0.05300138061904977
S_3,P4,beta_13_30Hz,8,5.592757566413469,0.3867270841999614
S_3,P8,delta_1_4Hz,8,4.465346710804611,0.1794376866061412
S_3,P8,theta_4_8Hz,8,1.6233677811958975,0.06659246725278348
S_3,P8,alpha_8_13Hz,8,2.1387488320420034,0.08770067756575102
S_3,P8,beta_13_30Hz,8,7.630611595792586,0.34461940788148
S_3,TP10,delta_1_4Hz,8,4.758176623607326,0.10854284601657295
S_3,TP10,theta_4_8Hz,8,1.561402573235957,0.036119136191706674
S_3,TP10,alpha_8_13Hz,8,0.940594850659036,0.022296206708368002
S_3,TP10,beta_13_30Hz,8,20.5709417599086,0.49909935826186413
S_3,CP6,delta_1_4Hz,8,3.811213926537444,0.16507192699141723
S_3,CP6,theta_4_8Hz,8,2.3900465098680193,0.11097773595165569
S_3,CP6,alpha_8_13Hz,8,1.0875058924408805,0.05271643769770121
S_3,CP6,beta_13_30Hz,8,6.7206643517968585,0.33109227048005807
S_3,CP2,delta_1_4Hz,8,2.2810954355497137,0.1835099626170662
S_3,CP2,theta_4_8Hz,8,1.7786743817581065,0.12768425000886538
S_3,CP2,alpha_8_13Hz,8,0.8690607958017917,0.06134630505656738
S_3,CP2,beta_13_30Hz,8,4.647568227888126,0.3055434370294083
S_3,Cz,delta_1_4Hz,8,3.395931178956294,0.21170715561057424
S_3,Cz,theta_4_8Hz,8,1.7326531354088284,0.10724219524693925
S_3,Cz,alpha_8_13Hz,8,0.9452222825991073,0.06493415323796221
S_3,Cz,beta_13_30Hz,8,3.6578550946043253,0.27401871236261144
S_3,C4,delta_1_4Hz,8,3.321880163859909,0.16077847014065408
S_3,C4,theta_4_8Hz,8,2.603670531684635,0.12235862439018044
S_3,C4,alpha_8_13Hz,8,1.1936840057618565,0.06258251765639872
S_3,C4,beta_13_30Hz,8,5.496264048262782,0.30443838682838875
S_3,T8,delta_1_4Hz,8,3.594401633562709,0.10127845415747186
S_3,T8,theta_4_8Hz,8,1.6627700863847874,0.047127781599304766
S_3,T8,alpha_8_13Hz,8,1.6132837946048384,0.0434026296120094
S_3,T8,beta_13_30Hz,8,16.963499726913817,0.4490343158729939
S_3,FT10,delta_1_4Hz,8,8.51964862728287,0.23399501428275696
S_3,FT10,theta_4_8Hz,8,2.568005253674945,0.07186778780550807
S_3,FT10,alpha_8_13Hz,8,1.5148430750952386,0.049265356189677215
S_3,FT10,beta_13_30Hz,8,12.577239699359863,0.3310460134848969
S_3,FC6,delta_1_4Hz,8,6.103291656482816,0.1957889320281799
S_3,FC6,theta_4_8Hz,8,2.192531595462538,0.07087748044344074
S_3,FC6,alpha_8_13Hz,8,1.2615232543388535,0.05092849288067337
S_3,FC6,beta_13_30Hz,8,10.797474641359686,0.40272155204305543
S_3,FC2,delta_1_4Hz,8,4.14329361068359,0.22335705063625216
S_3,FC2,theta_4_8Hz,8,2.0096281161867062,0.08599952807233803
S_3,FC2,alpha_8_13Hz,8,0.8801117247561969,0.049151502753806225
S_3,FC2,beta_13_30Hz,8,7.752520652201403,0.3415862109840071
S_3,F4,delta_1_4Hz,8,8.34511129619351,0.21234387182572736
S_3,F4,theta_4_8Hz,8,2.5365876160666785,0.06781095404168624
S_3,F4,alpha_8_13Hz,8,1.192834325823964,0.0391410475432373
S_3,F4,beta_13_30Hz,8,13.947477299381054,0.4376674538078037
S_3,F8,delta_1_4Hz,8,14.941441456838286,0.2766265719209495
S_3,F8,theta_4_8Hz,8,3.958259902024636,0.08607062280684537
S_3,F8,alpha_8_13Hz,8,1.909484169546736,0.04585601525266334
S_3,F8,beta_13_30Hz,8,14.98497327904634,0.2954238282904997
S_3,Fp2,delta_1_4Hz,8,40.89807837749713,0.22310980976293115
S_3,Fp2,theta_4_8Hz,8,10.790846795176012,0.11163795322272116
S_3,Fp2,alpha_8_13Hz,8,1.8341668557562625,0.05405957922325311
S_3,Fp2,beta_13_30Hz,8,6.941108652079812,0.30449094787109265
S_4,Fp1,delta_1_4Hz,8,43.570336056045804,0.3191165848119774
S_4,Fp1,theta_4_8Hz,8,8.610824166456673,0.0835123678952942
S_4,Fp1,alpha_8_13Hz,8,1.6468950283185138,0.03503637443741744
S_4,Fp1,beta_13_30Hz,8,7.614408248999826,0.26850334751687666
S_4,F3,delta_1_4Hz,8,5.900418781648207,0.23590947164743875
S_4,F3,theta_4_8Hz,8,1.90770049018452,0.08846569288859407
S_4,F3,alpha_8_13Hz,8,1.0285407058608627,0.04827436792483828
S_4,F3,beta_13_30Hz,8,8.835611587203013,0.3703825003152974
S_4,F7,delta_1_4Hz,8,12.17516811212153,0.3105372771079845
S_4,F7,theta_4_8Hz,8,2.9703687412015225,0.07773702614765882
S_4,F7,alpha_8_13Hz,8,2.0655237434470073,0.06043073399241777
S_4,F7,beta_13_30Hz,8,8.70317440442901,0.25646901527878346
S_4,FT9,delta_1_4Hz,8,10.616414063396505,0.34629947436746294
S_4,FT9,theta_4_8Hz,8,2.1711253217241175,0.07253345167850557
S_4,FT9,alpha_8_13Hz,8,1.3902008505249503,0.05002646199682094
S_4,FT9,beta_13_30Hz,8,5.6843700913368576,0.23138221172686746
S_4,FC5,delta_1_4Hz,8,4.5086593827124215,0.2647882973054805
S_4,FC5,theta_4_8Hz,8,1.3977041923902558,0.0834970838133677
S_4,FC5,alpha_8_13Hz,8,0.9934107925228219,0.05232904265032158
S_4,FC5,beta_13_30Hz,8,6.383765911058961,0.3382616857332069
S_4,FC1,delta_1_4Hz,8,3.539860509650018,0.19054553067886532
S_4,FC1,theta_4_8Hz,8,2.3459529786346143,0.12631887647118034
S_4,FC1,alpha_8_13Hz,8,0.9295445632178418,0.04655702827781004
S_4,FC1,beta_13_30Hz,8,6.2490413340237945,0.33945797871700173
S_4,C3,delta_1_4Hz,8,3.386470003145835,0.2499615588932002
S_4,C3,theta_4_8Hz,8,1.4731615396781976,0.10213186799140304
S_4,C3,alpha_8_13Hz,8,0.7442757282688192,0.048013389375898836
S_4,C3,beta_13_30Hz,8,4.956636112492088,0.3019558158706209
S_4,T7,delta_1_4Hz,8,3.728655039780481,0.11847215390755463
S_4,T7,theta_4_8Hz,8,1.6235690469179989,0.053649311068303715
S_4,T7,alpha_8_13Hz,8,1.3283717742699597,0.0376713339461851
S_4,T7,beta_13_30Hz,8,12.218292406568203,0.4284833576036265
S_4,TP9,delta_1_4Hz,8,4.314643680013066,0.16243758477769388
S_4,TP9,theta_4_8Hz,8,2.182011602075,0.07678818124391502
S_4,TP9,alpha_8_13Hz,8,1.3793547704458902,0.0483713002811568
S_4,TP9,beta_13_30Hz,8,10.599068800469139,0.40599572032816433
S_4,CP5,delta_1_4Hz,8,5.430210944703997,0.24932139515136353
S_4,CP5,theta_4_8Hz,8,2.0759324384167113,0.09390962696249719
S_4,CP5,alpha_8_13Hz,8,1.1549174487622893,0.052893584733436375
S_4,CP5,beta_13_30Hz,8,7.212346785778546,0.28868648772357913
S_4,CP1,delta_1_4Hz,8,4.404621364670835,0.26413209477805294
S_4,CP1,theta_4_8Hz,8,1.7238893373176118,0.10973000296820146
S_4,CP1,alpha_8_13Hz,8,0.6683645576350309,0.045902812388166354
S_4,CP1,beta_13_30Hz,8,4.081684717475333,0.26369987381359733
S_4,Pz,delta_1_4Hz,8,4.252737826795333,0.23043627164591313
S_4,Pz,theta_4_8Hz,8,2.0696779648331156,0.10960666808005227
S_4,Pz,alpha_8_13Hz,8,1.0370608119027953,0.0663614318445151
S_4,Pz,beta_13_30Hz,8,4.2120009186573135,0.25381446096159055
S_4,P3,delta_1_4Hz,8,6.524634838222794,0.24432672129915442
S_4,P3,theta_4_8Hz,8,1.8589531528754866,0.08525848144756035
S_4,P3,alpha_8_13Hz,8,1.4305561100378672,0.059224180798203234
S_4,P3,beta_13_30Hz,8,6.317719062008946,0.29080752035292723
S_4,P7,delta_1_4Hz,8,5.866512379209734,0.20976011835687053
S_4,P7,theta_4_8Hz,8,2.6035755445109694,0.0969611249344911
S_4,P7,alpha_8_13Hz,8,1.1647781985425765,0.051286730248566795
S_4,P7,beta_13_30Hz,8,7.003428570294922,0.28858443718952614
S_4,O1,delta_1_4Hz,8,3.859752123358137,0.09548698523083285
S_4,O1,theta_4_8Hz,8,3.632381122415672,0.10393410727813851
S_4,O1,alpha_8_13Hz,8,2.2012404031723416,0.0643765870514024
S_4,O1,beta_13_30Hz,8,11.320240038725466,0.34869149014041295
S_4,Oz,delta_1_4Hz,8,3.940160231141738,0.11072162956342904
S_4,Oz,theta_4_8Hz,8,3.7632637867353393,0.12292701988519217
S_4,Oz,alpha_8_13Hz,8,1.6740019751641841,0.05899827446064314
S_4,Oz,beta_13_30Hz,8,9.97589307973279,0.3483334080627131
S_4,O2,delta_1_4Hz,8,9.557681396396617,0.11925208326891763
S_4,O2,theta_4_8Hz,8,5.549416078444481,0.10434027028601738
S_4,O2,alpha_8_13Hz,8,2.753569357812073,0.053800827209436804
S_4,O2,beta_13_30Hz,8,20.67417529471691,0.35884655606208543
S_4,P4,delta_1_4Hz,8,3.928191432888017,0.23128705038338074
S_4,P4,theta_4_8Hz,8,1.3242135731620783,0.10050364563686205
S_4,P4,alpha_8_13Hz,8,0.9725113532291173,0.07801284410980655
S_4,P4,beta_13_30Hz,8,3.5037778599716316,0.26729089472348466
S_4,P8,delta_1_4Hz,8,6.26494602366538,0.1991893206507231
S_4,P8,theta_4_8Hz,8,3.0878182906545386,0.11943824622965489
S_4,P8,alpha_8_13Hz,8,1.3058556311288056,0.04995368658285071
S_4,P8,beta_13_30Hz,8,7.462077742302507,0.28839019130068133
S_4,TP10,delta_1_4Hz,8,6.567690134805176,0.15405422292248477
S_4,TP10,theta_4_8Hz,8,2.0204058670064025,0.05101224196894658
S_4,TP10,alpha_8_13Hz,8,1.1756537745545157,0.028367910724845413
S_4,TP10,beta_13_30Hz,8,17.90758213876282,0.4190412325043913
S_4,CP6,delta_1_4Hz,8,4.058591455455516,0.20112244190465833
S_4,CP6,theta_4_8Hz,8,1.360894466060073,0.07630437996974097
S_4,CP6,alpha_8_13Hz,8,1.1937599628420779,0.0697893608282005
S_4,CP6,beta_13_30Hz,8,5.193534002126005,0.33254656961918977
S_4,CP2,delta_1_4Hz,8,2.380702459845983,0.19396750083610254
S_4,CP2,theta_4_8Hz,8,1.3905908638408477,0.125236748856172
S_4,CP2,alpha_8_13Hz,8,0.6815756398814493,0.06528966554845532
S_4,CP2,beta_13_30Hz,8,2.821150940243455,0.2821601394313912
S_4,Cz,delta_1_4Hz,8,5.211295298424941,0.2615839456891532
S_4,Cz,theta_4_8Hz,8,2.604450902876429,0.14528813427710108
S_4,Cz,alpha_8_13Hz,8,0.7297450922842333,0.04231234679489792
S_4,Cz,beta_13_30Hz,8,3.448311487104668,0.2098408244879753
S_4,C4,delta_1_4Hz,8,4.442683136605173,0.2771236341686103
S_4,C4,theta_4_8Hz,8,1.340561315632984,0.08121164507682212
S_4,C4,alpha_8_13Hz,8,0.8154903499419079,0.051452745510222705
S_4,C4,beta_13_30Hz,8,4.228580389475391,0.27530226131997726
S_4,T8,delta_1_4Hz,8,4.438631241228076,0.13400603740966924
S_4,T8,theta_4_8Hz,8,1.38797823281581,0.047545272479380826
S_4,T8,alpha_8_13Hz,8,1.1538233545011964,0.03730984646277166
S_4,T8,beta_13_30Hz,8,13.863476780215086,0.40827003787475447
S_4,FT10,delta_1_4Hz,8,10.87000881322823,0.3093008470928736
S_4,FT10,theta_4_8Hz,8,2.6335351948911043,0.07570106093039261
S_4,FT10,alpha_8_13Hz,8,1.0820947253237003,0.03305345183243059
S_4,FT10,beta_13_30Hz,8,10.596535804237122,0.31653518746254133
S_4,FC6,delta_1_4Hz,8,4.207927358078829,0.20992343848893236
S_4,FC6,theta_4_8Hz,8,1.7604568666240197,0.08660136847049442
S_4,FC6,alpha_8_13Hz,8,0.6571994955499164,0.03476335794663562
S_4,FC6,beta_13_30Hz,8,7.869362261554821,0.38314440943302186
S_4,FC2,delta_1_4Hz,8,2.925185622878182,0.1971317459287542
S_4,FC2,theta_4_8Hz,8,1.7739623745578312,0.12900433253935262
S_4,FC2,alpha_8_13Hz,8,0.5607502985207734,0.038861540965429646
S_4,FC2,beta_13_30Hz,8,4.059350488657662,0.3278414012058409
S_4,F4,delta_1_4Hz,8,6.645084925968048,0.23664113644049156
S_4,F4,theta_4_8Hz,8,2.7224028650065932,0.09812665347926239
S_4,F4,alpha_8_13Hz,8,0.8467607549409067,0.03813080761776129
S_4,F4,beta_13_30Hz,8,8.877201571893455,0.37132701649945876
S_4,F8,delta_1_4Hz,8,19.17424130767144,0.34777106295580945
S_4,F8,theta_4_8Hz,8,4.178199452567289,0.0779103887820203
S_4,F8,alpha_8_13Hz,8,1.7109307995103193,0.034994552278407864
S_4,F8,beta_13_30Hz,8,12.360336715157429,0.27666474430866217
S_4,Fp2,delta_1_4Hz,8,64.85519577910651,0.2853945225693543
S_4,Fp2,theta_4_8Hz,8,17.075228029722474,0.10496843844253673
S_4,Fp2,alpha_8_13Hz,8,2.8897062647506226,0.03324474833980401
S_4,Fp2,beta_13_30Hz,8,8.372143865164558,0.2781733968161627
S_5,Fp1,delta_1_4Hz,7,11.909080301256084,0.3207867121102631
S_5,Fp1,theta_4_8Hz,7,3.225584437324755,0.09813091441997136
S_5,Fp1,alpha_8_13Hz,7,1.5784785089457363,0.05481248657847225
S_5,Fp1,beta_13_30Hz,7,5.706224418653359,0.21091100237697874
S_5,F3,delta_1_4Hz,7,6.966451827559736,0.2749210107570131
S_5,F3,theta_4_8Hz,7,2.253762538633233,0.09978373383616883
S_5,F3,alpha_8_13Hz,7,0.8995536311810348,0.036887286517673985
S_5,F3,beta_13_30Hz,7,6.560959593951647,0.3050377708530942
S_5,F7,delta_1_4Hz,7,15.998443039073196,0.3518592031868942
S_5,F7,theta_4_8Hz,7,3.7252501168728482,0.07877825795452044
S_5,F7,alpha_8_13Hz,7,1.3793661018277457,0.03613161687300629
S_5,F7,beta_13_30Hz,7,9.728308235734705,0.2560906931298222
S_5,FT9,delta_1_4Hz,7,8.516998019501385,0.3217117284757946
S_5,FT9,theta_4_8Hz,7,2.18546799358577,0.08163153554448178
S_5,FT9,alpha_8_13Hz,7,1.1669807376005927,0.04838593265189671
S_5,FT9,beta_13_30Hz,7,5.73957321521309,0.24112577189116213
S_5,FC5,delta_1_4Hz,7,4.514074881038242,0.2433534946078628
S_5,FC5,theta_4_8Hz,7,1.4887204707692632,0.0895258268122595
S_5,FC5,alpha_8_13Hz,7,0.647196913143687,0.03901331896137178
S_5,FC5,beta_13_30Hz,7,5.817390813784948,0.3356788211459474
S_5,FC1,delta_1_4Hz,7,4.285677681181405,0.22897098601962745
S_5,FC1,theta_4_8Hz,7,1.6632395932299497,0.10177161701376747
S_5,FC1,alpha_8_13Hz,7,0.8955284940772116,0.05731577985718408
S_5,FC1,beta_13_30Hz,7,5.341570558682226,0.318512917667416
S_5,C3,delta_1_4Hz,7,2.6428718726079854,0.18446886197554005
S_5,C3,theta_4_8Hz,7,1.2231637045443304,0.11131849297708692
S_5,C3,alpha_8_13Hz,7,0.5883300843473446,0.05235413270753781
S_5,C3,beta_13_30Hz,7,4.079325613105097,0.3433239391466521
S_5,T7,delta_1_4Hz,7,3.136555745458126,0.12036849554051308
S_5,T7,theta_4_8Hz,7,1.296718936821075,0.05025955243139017
S_5,T7,alpha_8_13Hz,7,1.1348175756665837,0.04122704120987627
S_5,T7,beta_13_30Hz,7,10.509114454560077,0.39872475819549275
S_5,TP9,delta_1_4Hz,7,4.182441866359407,0.18493221072973287
S_5,TP9,theta_4_8Hz,7,1.3609475736718668,0.0566481352539796
S_5,TP9,alpha_8_13Hz,7,1.0192756136852366,0.043433937161066874
S_5,TP9,beta_13_30Hz,7,10.032872645514681,0.404773961000278
S_5,CP5,delta_1_4Hz,7,3.3541922976036487,0.1904016068189347
S_5,CP5,theta_4_8Hz,7,2.236959912216311,0.11122935413053237
S_5,CP5,alpha_8_13Hz,7,1.2018825623183964,0.06526631658666905
S_5,CP5,beta_13_30Hz,7,5.501306466938196,0.2970850287934768
S_5,CP1,delta_1_4Hz,7,3.2895331853929277,0.20023754883242947
S_5,CP1,theta_4_8Hz,7,1.6776251692473945,0.09497928400222588
S_5,CP1,alpha_8_13Hz,7,1.4348050570870114,0.10109897180852549
S_5,CP1,beta_13_30Hz,7,3.977353631533937,0.2674702676038892
S_5,Pz,delta_1_4Hz,7,3.5763485656104335,0.19491345465416973
S_5,Pz,theta_4_8Hz,7,1.5474193801249634,0.0945303225098658
S_5,Pz,alpha_8_13Hz,7,1.0187098821598803,0.07803717720299219
S_5,Pz,beta_13_30Hz,7,4.605960713860616,0.30758143470049387
S_5,P3,delta_1_4Hz,7,3.937409711456837,0.1997677980741818
S_5,P3,theta_4_8Hz,7,2.615932340923405,0.12327662361282977
S_5,P3,alpha_8_13Hz,7,1.162298700969132,0.0621550444329674
S_5,P3,beta_13_30Hz,7,5.053235689633251,0.27169350823889665
S_5,P7,delta_1_4Hz,7,5.468747255859395,0.22050927942847368
S_5,P7,theta_4_8Hz,7,2.2200540791934102,0.08096804666615953
S_5,P7,alpha_8_13Hz,7,1.5390675195809789,0.06665909851394079
S_5,P7,beta_13_30Hz,7,7.416655620163694,0.31386584830626324
S_5,O1,delta_1_4Hz,7,4.746599416168386,0.12395813057104642
S_5,O1,theta_4_8Hz,7,2.9035627970877713,0.07900275456352068
S_5,O1,alpha_8_13Hz,7,2.1554145775628966,0.05952704422433663
S_5,O1,beta_13_30Hz,7,11.483326251781248,0.35494930425123095
S_5,Oz,delta_1_4Hz,7,4.432989273775371,0.12562023725159613
S_5,Oz,theta_4_8Hz,7,3.235163270157072,0.1079456333878986
S_5,Oz,alpha_8_13Hz,7,2.0389211615187874,0.06594288865330708
S_5,Oz,beta_13_30Hz,7,8.788495920532062,0.2937896562913684
S_5,O2,delta_1_4Hz,7,6.461643700092425,0.12343760124269172
S_5,O2,theta_4_8Hz,7,4.188933455456148,0.08544013988700354
S_5,O2,alpha_8_13Hz,7,3.2269501159201592,0.06529245553511098
S_5,O2,beta_13_30Hz,7,15.38927791680244,0.3037528708127066
S_5,P4,delta_1_4Hz,7,4.288702887771312,0.2513295548314384
S_5,P4,theta_4_8Hz,7,1.6358306240467593,0.09600686948446568
S_5,P4,alpha_8_13Hz,7,1.1496968969664416,0.06295732307258227
S_5,P4,beta_13_30Hz,7,4.741428742825825,0.2704737243758618
S_5,P8,delta_1_4Hz,7,4.627427474096714,0.15513214500635764
S_5,P8,theta_4_8Hz,7,2.8907980983123123,0.10088523520610489
S_5,P8,alpha_8_13Hz,7,2.0406959154775794,0.07734937601567791
S_5,P8,beta_13_30Hz,7,8.608193979654168,0.3098803052490548
S_5,TP10,delta_1_4Hz,7,2.934308562218069,0.06286319227820278
S_5,TP10,theta_4_8Hz,7,2.3148311288508374,0.04789718256568943
S_5,TP10,alpha_8_13Hz,7,1.772056921329933,0.03689394963407914
S_5,TP10,beta_13_30Hz,7,27.713318886787473,0.5046631929135542
S_5,CP6,delta_1_4Hz,7,4.2254390952743295,0.22311979921117814
S_5,CP6,theta_4_8Hz,7,2.023181013088969,0.10149930022187274
S_5,CP6,alpha_8_13Hz,7,1.1005006264547168,0.06387218922339799
S_5,CP6,beta_13_30Hz,7,5.293286680882762,0.28854036971925895
S_5,CP2,delta_1_4Hz,7,2.794613923598172,0.193634542043633
S_5,CP2,theta_4_8Hz,7,1.3508369091209689,0.09064795257330353
S_5,CP2,alpha_8_13Hz,7,1.3602338833550658,0.09028244662009177
S_5,CP2,beta_13_30Hz,7,4.197807874355347,0.30289159414348354
S_5,Cz,delta_1_4Hz,7,3.2444223497201725,0.22512317006834198
S_5,Cz,theta_4_8Hz,7,1.6043317717875225,0.11527734080998785
S_5,Cz,alpha_8_13Hz,7,0.9604544706840583,0.06785608896406005
S_5,Cz,beta_13_30Hz,7,3.4305880036451692,0.2564376500784177
S_5,C4,delta_1_4Hz,7,4.1637289014890815,0.2072689089807356
S_5,C4,theta_4_8Hz,7,1.7798561576635517,0.09560649702869115
S_5,C4,alpha_8_13Hz,7,1.3373901448576635,0.06303300025772265
S_5,C4,beta_13_30Hz,7,6.238104427115651,0.31548564767892084
S_5,T8,delta_1_4Hz,7,4.644212000867576,0.1273493059434883
S_5,T8,theta_4_8Hz,7,1.8382736154540156,0.05466787033494514
S_5,T8,alpha_8_13Hz,7,1.3945806246664367,0.03987392222088399
S_5,T8,beta_13_30Hz,7,17.926445579332455,0.4556917416154667
S_5,FT10,delta_1_4Hz,7,6.336739678528307,0.25367640512735
S_5,FT10,theta_4_8Hz,7,1.6068767389356868,0.06792342733555143
S_5,FT10,alpha_8_13Hz,7,1.0911268008954433,0.04329971295154841
S_5,FT10,beta_13_30Hz,7,8.581323387556077,0.35938013898171767
S_5,FC6,delta_1_4Hz,7,4.222586692423321,0.22046772288961783
S_5,FC6,theta_4_8Hz,7,1.1577489280175515,0.07188470584082439
S_5,FC6,alpha_8_13Hz,7,1.001228302984322,0.05351534460802378
S_5,FC6,beta_13_30Hz,7,7.463865656756624,0.3778633937072275
S_5,FC2,delta_1_4Hz,7,2.5916721339191118,0.16636067409279
S_5,FC2,theta_4_8Hz,7,1.7484789465358836,0.10597627082521736
S_5,FC2,alpha_8_13Hz,7,1.0041656877506786,0.06189299761262742
S_5,FC2,beta_13_30Hz,7,5.90313735692141,0.37672763340948745
S_5,F4,delta_1_4Hz,7,5.264293726549403,0.23035211646363515
S_5,F4,theta_4_8Hz,7,2.3649564122425675,0.07741199082396823
S_5,F4,alpha_8_13Hz,7,1.306392962504588,0.05465078386548694
S_5,F4,beta_13_30Hz,7,10.237715197594389,0.37963434918157984
S_5,F8,delta_1_4Hz,7,13.96637778850253,0.342888974406728
S_5,F8,theta_4_8Hz,7,2.7903056577936463,0.07611048795114951
S_5,F8,alpha_8_13Hz,7,1.5868746406865544,0.04276699849877234
S_5,F8,beta_13_30Hz,7,10.28912614596549,0.27957126858371617
S_5,Fp2,delta_1_4Hz,7,12.199702105543032,0.32627240320903894
S_5,Fp2,theta_4_8Hz,7,3.535968317997873,0.09043183959288847
S_5,Fp2,alpha_8_13Hz,7,1.3375955274459648,0.04365242129929734
S_5,Fp2,beta_13_30Hz,7,8.398115686775215,0.2547409905900761
S_6,Fp1,delta_1_4Hz,7,32.92952477299396,0.27233002426442593
S_6,Fp1,theta_4_8Hz,7,10.820122250926673,0.10568784923385387
S_6,Fp1,alpha_8_13Hz,7,1.787003356011626,0.04322427414265582
S_6,Fp1,beta_13_30Hz,7,8.06403338736324,0.2746720511348734
S_6,F3,delta_1_4Hz,7,7.189804707932646,0.19634397124865854
S_6,F3,theta_4_8Hz,7,2.279800703491208,0.06429810197081488
S_6,F3,alpha_8_13Hz,7,1.1174789294786593,0.03568716464734261
S_6,F3,beta_13_30Hz,7,16.26775339508817,0.48068348550561774
S_6,F7,delta_1_4Hz,7,15.415202585495846,0.26947361212073295
S_6,F7,theta_4_8Hz,7,3.9938013665668355,0.08721233794912371
S_6,F7,alpha_8_13Hz,7,1.542907331355793,0.036609556077829
S_6,F7,beta_13_30Hz,7,15.60832006041213,0.3339212314423241
S_6,FT9,delta_1_4Hz,7,8.339204056126997,0.2516159100230703
S_6,FT9,theta_4_8Hz,7,2.5601472066068887,0.0881904787671541
S_6,FT9,alpha_8_13Hz,7,1.3445888642609076,0.04334069302421512
S_6,FT9,beta_13_30Hz,7,9.380535112134053,0.32509793875806847
S_6,FC5,delta_1_4Hz,7,5.269862338841569,0.19791774796180425
S_6,FC5,theta_4_8Hz,7,1.5426491705859269,0.06494979724409863
S_6,FC5,alpha_8_13Hz,7,0.9361981801311475,0.040429249593302526
S_6,FC5,beta_13_30Hz,7,9.400151796335251,0.44191457556196717
S_6,FC1,delta_1_4Hz,7,4.421233926015701,0.1860575764457338
S_6,FC1,theta_4_8Hz,7,2.088490204444153,0.10146635093098048
S_6,FC1,alpha_8_13Hz,7,1.0099062724341887,0.048363271157896674
S_6,FC1,beta_13_30Hz,7,7.048661765190858,0.3750198997044049
S_6,C3,delta_1_4Hz,7,3.008199490333926,0.19392138930470626
S_6,C3,theta_4_8Hz,7,1.4330169008880265,0.08705773080341588
S_6,C3,alpha_8_13Hz,7,1.084008916746524,0.06568351743714944
S_6,C3,beta_13_30Hz,7,5.300569010521839,0.33109107967541046
S_6,T7,delta_1_4Hz,7,3.1385290719074863,0.11237450493170938
S_6,T7,theta_4_8Hz,7,1.324125211116044,0.04540250080888937
S_6,T7,alpha_8_13Hz,7,0.883219239822892,0.027280329297971053
S_6,T7,beta_13_30Hz,7,15.877378769567315,0.5072465173445808
S_6,TP9,delta_1_4Hz,7,5.237347440236504,0.16534241021936744
S_6,TP9,theta_4_8Hz,7,2.7156241617154877,0.09623233323561561
S_6,TP9,alpha_8_13Hz,7,0.9497515134948472,0.0370503817086021
S_6,TP9,beta_13_30Hz,7,10.646598980817668,0.36895674384402405
S_6,CP5,delta_1_4Hz,7,2.220645103247238,0.10056682358901682
S_6,CP5,theta_4_8Hz,7,2.130165826849363,0.09712728599590961
S_6,CP5,alpha_8_13Hz,7,1.636013684253554,0.07029438482127588
S_6,CP5,beta_13_30Hz,7,8.992522408375306,0.40016810520102997
S_6,CP1,delta_1_4Hz,7,3.9021701121044874,0.19888342707872939
S_6,CP1,theta_4_8Hz,7,2.064945320976434,0.09724420439450111
S_6,CP1,alpha_8_13Hz,7,1.5698688083518153,0.09524345232808827
S_6,CP1,beta_13_30Hz,7,4.958298004387273,0.28307498813197607
S_6,Pz,delta_1_4Hz,7,4.745127056272413,0.22276231396395
S_6,Pz,theta_4_8Hz,7,2.5238961555647115,0.11909204733351504
S_6,Pz,alpha_8_13Hz,7,1.2034422618261331,0.0556533752593862
S_6,Pz,beta_13_30Hz,7,6.072178581247992,0.307787630444012
S_6,P3,delta_1_4Hz,7,4.5916960179210475,0.19634401839314622
S_6,P3,theta_4_8Hz,7,2.5036892164816513,0.11111268335585696
S_6,P3,alpha_8_13Hz,7,1.2439660520868991,0.05196501043253154
S_6,P3,beta_13_30Hz,7,8.46950207501887,0.33315929003507444
S_6,P7,delta_1_4Hz,7,4.660591516476722,0.16593296831946455
S_6,P7,theta_4_8Hz,7,3.0755471345171275,0.1151011037962592
S_6,P7,alpha_8_13Hz,7,1.7563962703007272,0.07477241995770945
S_6,P7,beta_13_30Hz,7,5.996827861721176,0.26059902767023335
S_6,O1,delta_1_4Hz,7,5.214935286368784,0.11036537855862731
S_6,O1,theta_4_8Hz,7,4.648613151137584,0.11619052427906444
S_6,O1,alpha_8_13Hz,7,1.9584378385183916,0.056112572804968223
S_6,O1,beta_13_30Hz,7,11.729159162455417,0.33103716664976257
S_6,Oz,delta_1_4Hz,7,5.009200493897718,0.11626545625408835
S_6,Oz,theta_4_8Hz,7,4.490595231949247,0.11472893188126222
S_6,Oz,alpha_8_13Hz,7,2.065754034585127,0.05884950118192496
S_6,Oz,beta_13_30Hz,7,10.482902686049103,0.30580055143695767
S_6,O2,delta_1_4Hz,7,6.21349754232368,0.09485361174054951
S_6,O2,theta_4_8Hz,7,6.213760034644038,0.09139363034140792
S_6,O2,alpha_8_13Hz,7,3.875691853653037,0.0577652217475978
S_6,O2,beta_13_30Hz,7,22.59449633193211,0.33946706872195526
S_6,P4,delta_1_4Hz,7,3.21681142873601,0.19965150072341556
S_6,P4,theta_4_8Hz,7,1.2709344200919797,0.08739462870043099
S_6,P4,alpha_8_13Hz,7,1.22874354106184,0.07256193700498026
S_6,P4,beta_13_30Hz,7,5.103173413243006,0.31364808374394526
S_6,P8,delta_1_4Hz,7,6.092696005333067,0.21507930928667443
S_6,P8,theta_4_8Hz,7,3.029274463272014,0.10487684628195379
S_6,P8,alpha_8_13Hz,7,1.7462404530354532,0.06827740118914354
S_6,P8,beta_13_30Hz,7,6.270647282858958,0.23060350794053108
S_6,TP10,delta_1_4Hz,7,5.684737553441649,0.12519689275552276
S_6,TP10,theta_4_8Hz,7,2.294053192915241,0.05292317034930614
S_6,TP10,alpha_8_13Hz,7,1.5716735656476548,0.03568484638282259
S_6,TP10,beta_13_30Hz,7,18.475257239258607,0.4110665696613417
S_6,CP6,delta_1_4Hz,7,2.547723844209554,0.15100869356550223
S_6,CP6,theta_4_8Hz,7,1.0804678096921247,0.06845067430295229
S_6,CP6,alpha_8_13Hz,7,1.1580321280642611,0.0643648166792407
S_6,CP6,beta_13_30Hz,7,6.243239881073295,0.3772840098836641
S_6,CP2,delta_1_4Hz,7,3.690779756630016,0.22811174382028035
S_6,CP2,theta_4_8Hz,7,2.1066158805990653,0.12981158328870762
S_6,CP2,alpha_8_13Hz,7,0.6472235292363584,0.039160011544026686
S_6,CP2,beta_13_30Hz,7,4.803727806984933,0.28917183790187123
S_6,Cz,delta_1_4Hz,7,4.242991874294929,0.24288286445104879
S_6,Cz,theta_4_8Hz,7,2.588826465482381,0.15003449863941445
S_6,Cz,alpha_8_13Hz,7,0.7508832434856922,0.04543085211879292
S_6,Cz,beta_13_30Hz,7,3.0487272802975274,0.185320501220209
S_6,C4,delta_1_4Hz,7,2.753156852433392,0.12961217312274947
S_6,C4,theta_4_8Hz,7,2.666012776141063,0.13739960209919208
S_6,C4,alpha_8_13Hz,7,0.9909155228482375,0.04530787861370683
S_6,C4,beta_13_30Hz,7,6.4718016674726675,0.31937184249691875
S_6,T8,delta_1_4Hz,7,4.541871553487837,0.13799692538769712
S_6,T8,theta_4_8Hz,7,2.098756953113741,0.06588962155339978
S_6,T8,alpha_8_13Hz,7,1.4314432113205295,0.0461927727165373
S_6,T8,beta_13_30Hz,7,12.959768361684027,0.40660024818267615
S_6,FT10,delta_1_4Hz,7,8.213835754246281,0.26507382728124435
S_6,FT10,theta_4_8Hz,7,2.2512338499642275,0.08710639347829621
S_6,FT10,alpha_8_13Hz,7,1.0657370629130083,0.04073533452898544
S_6,FT10,beta_13_30Hz,7,8.341513981185763,0.30489998767414533
S_6,FC6,delta_1_4Hz,7,5.18389359475377,0.22913445154528028
S_6,FC6,theta_4_8Hz,7,1.3383851801816224,0.058921271331209606
S_6,FC6,alpha_8_13Hz,7,1.1071968946557997,0.052041844598098866
S_6,FC6,beta_13_30Hz,7,7.617964975554131,0.3453709303607703
S_6,FC2,delta_1_4Hz,7,1.9013175880401103,0.13276993378525861
S_6,FC2,theta_4_8Hz,7,1.9908918074750535,0.14284984194648084
S_6,FC2,alpha_8_13Hz,7,0.8324712380055449,0.05783077346029519
S_6,FC2,beta_13_30Hz,7,4.52699820992942,0.3285377304698966
S_6,F4,delta_1_4Hz,7,6.376572363715992,0.21290841488706785
S_6,F4,theta_4_8Hz,7,2.2819646849626816,0.08142287203267139
S_6,F4,alpha_8_13Hz,7,1.4272642737858092,0.057614277716993914
S_6,F4,beta_13_30Hz,7,9.14563150433478,0.37157902530097014
S_6,F8,delta_1_4Hz,7,18.716905687082544,0.35106965094168757
S_6,F8,theta_4_8Hz,7,4.020402422612777,0.08041760877901798
S_6,F8,alpha_8_13Hz,7,1.6535254008045177,0.03986859149790622
S_6,F8,beta_13_30Hz,7,11.608268833772723,0.2618603541907044
S_6,Fp2,delta_1_4Hz,7,49.58624484532173,0.30571383555969434
S_6,Fp2,theta_4_8Hz,7,16.328656807968464,0.08280826121088032
S_6,Fp2,alpha_8_13Hz,7,2.358669489517884,0.0382597817016964
S_6,Fp2,beta_13_30Hz,7,11.423916476295936,0.3168758177501408
S_7,Fp1,delta_1_4Hz,7,7.918706514151099,0.2986249121768508
S_7,Fp1,theta_4_8Hz,7,2.318672097429291,0.09672819336041334
S_7,Fp1,alpha_8_13Hz,7,1.2095816104948673,0.051020432234722454
S_7,Fp1,beta_13_30Hz,7,5.581941533994152,0.23992218470425578
S_7,F3,delta_1_4Hz,7,6.192967476999243,0.2757455632027958
S_7,F3,theta_4_8Hz,7,1.9265919854215185,0.09118552676417875
S_7,F3,alpha_8_13Hz,7,0.9822690994724205,0.049956637288981705
S_7,F3,beta_13_30Hz,7,6.363792394650869,0.30096151085590966
S_7,F7,delta_1_4Hz,7,12.979537302563434,0.3164879259683767
S_7,F7,theta_4_8Hz,7,3.0741806869552963,0.08475567710192469
S_7,F7,alpha_8_13Hz,7,1.2744890709471943,0.039190924897938705
S_7,F7,beta_13_30Hz,7,10.104973007836996,0.28099305347980363
S_7,FT9,delta_1_4Hz,7,7.236544247113857,0.24480032978363384
S_7,FT9,theta_4_8Hz,7,2.309229607679999,0.07754947953052559
S_7,FT9,alpha_8_13Hz,7,1.2696409654022978,0.050180422195429904
S_7,FT9,beta_13_30Hz,7,10.920023186047503,0.3341631849377997
S_7,FC5,delta_1_4Hz,7,4.086727479175675,0.23281373724587187
S_7,FC5,theta_4_8Hz,7,1.3551858485658679,0.08517201078941497
S_7,FC5,alpha_8_13Hz,7,0.7223520776114389,0.0510249961890547
S_7,FC5,beta_13_30Hz,7,5.258010787896919,0.32507951127257023
S_7,FC1,delta_1_4Hz,7,3.7898843930512265,0.22787865196287546
S_7,FC1,theta_4_8Hz,7,1.4867223662744464,0.09478297164024481
S_7,FC1,alpha_8_13Hz,7,0.8678619892255929,0.05850743995054318
S_7,FC1,beta_13_30Hz,7,5.58099605138142,0.32732886235396846
S_7,C3,delta_1_4Hz,7,2.7316310995008526,0.22337855342106042
S_7,C3,theta_4_8Hz,7,1.195728027596933,0.10269249935941176
S_7,C3,alpha_8_13Hz,7,0.5949548424793071,0.04895728805804716
S_7,C3,beta_13_30Hz,7,3.3751287597645248,0.28655714486407763
S_7,T7,delta_1_4Hz,7,3.436850011529356,0.09971477910285538
S_7,T7,theta_4_8Hz,7,1.2056881316145955,0.03672144983299187
S_7,T7,alpha_8_13Hz,7,0.8129783689742998,0.024960108304593435
S_7,T7,beta_13_30Hz,7,18.126346036969327,0.5432571447601829
S_7,TP9,delta_1_4Hz,7,3.510166392132456,0.13806716455236573
S_7,TP9,theta_4_8Hz,7,1.3790327996466414,0.06259110554958235
S_7,TP9,alpha_8_13Hz,7,0.7894228602573173,0.03841886757104144
S_7,TP9,beta_13_30Hz,7,12.61900133384336,0.4435058033233434
S_7,CP5,delta_1_4Hz,7,4.653205007421788,0.21007401562258352
S_7,CP5,theta_4_8Hz,7,1.573348507200454,0.08274511184017456
S_7,CP5,alpha_8_13Hz,7,0.9420972997897806,0.04229708187252882
S_7,CP5,beta_13_30Hz,7,7.6679973898236,0.3144127996905371
S_7,CP1,delta_1_4Hz,7,2.2569724061105028,0.17131229305794213
S_7,CP1,theta_4_8Hz,7,1.4923125714051337,0.09969279491685168
S_7,CP1,alpha_8_13Hz,7,1.031711463725298,0.07303618329960594
S_7,CP1,beta_13_30Hz,7,5.080947095241026,0.3370148478725053
S_7,Pz,delta_1_4Hz,7,3.764755588308608,0.21380291882665753
S_7,Pz,theta_4_8Hz,7,1.9404270289298364,0.0918576976389311
S_7,Pz,alpha_8_13Hz,7,1.4192662350441962,0.06688078016381092
S_7,Pz,beta_13_30Hz,7,6.2485558459308255,0.33774173598321766
S_7,P3,delta_1_4Hz,7,7.121348995775306,0.25416023065580484
S_7,P3,theta_4_8Hz,7,2.1864385401493656,0.07810218834048166
S_7,P3,alpha_8_13Hz,7,1.3693405925875035,0.051939453341280355
S_7,P3,beta_13_30Hz,7,8.630520123922528,0.30293344178802656
S_7,P7,delta_1_4Hz,7,3.7183303092089908,0.16436698917463752
S_7,P7,theta_4_8Hz,7,2.398990634184463,0.09846369614593097
S_7,P7,alpha_8_13Hz,7,0.8961984748704915,0.04045877462809635
S_7,P7,beta_13_30Hz,7,9.44747592818055,0.3738947709256126
S_7,O1,delta_1_4Hz,7,2.2401777049346867,0.08484752670800282
S_7,O1,theta_4_8Hz,7,3.086686367619514,0.10032336269438391
S_7,O1,alpha_8_13Hz,7,1.4986824529724239,0.0511490226281106
S_7,O1,beta_13_30Hz,7,10.769029862117524,0.3935769477957959
S_7,Oz,delta_1_4Hz,7,2.896642993171612,0.09160549721102151
S_7,Oz,theta_4_8Hz,7,3.645025465936234,0.11971527606040455
S_7,Oz,alpha_8_13Hz,7,1.8499755734597065,0.06590974031495013
S_7,Oz,beta_13_30Hz,7,11.329573420766323,0.33426135179520644
S_7,O2,delta_1_4Hz,7,5.175119484479414,0.08282280639868035
S_7,O2,theta_4_8Hz,7,5.722724894833991,0.1005474992387733
S_7,O2,alpha_8_13Hz,7,2.9210504219591265,0.05197236988009275
S_7,O2,beta_13_30Hz,7,24.647594945208287,0.35790693174389426
S_7,P4,delta_1_4Hz,7,1.9569169571672078,0.15864410571789728
S_7,P4,theta_4_8Hz,7,1.2959295054145934,0.09920678402099162
S_7,P4,alpha_8_13Hz,7,0.936152709190748,0.07712827760000278
S_7,P4,beta_13_30Hz,7,3.659686090609516,0.29846050440935645
S_7,P8,delta_1_4Hz,7,3.692055956938035,0.11991543064735442
S_7,P8,theta_4_8Hz,7,2.8920833855758015,0.1169853141102842
S_7,P8,alpha_8_13Hz,7,1.6054344050908516,0.06966291427311674
S_7,P8,beta_13_30Hz,7,8.94599106794089,0.33865273946897734
S_7,TP10,delta_1_4Hz,7,4.280489776947441,0.11858215118803052
S_7,TP10,theta_4_8Hz,7,1.2916130242606996,0.03326269266239761
S_7,TP10,alpha_8_13Hz,7,1.9636784265130365,0.04828928824590747
S_7,TP10,beta_13_30Hz,7,19.909549692713536,0.4372744027143483
S_7,CP6,delta_1_4Hz,7,3.115235114914512,0.14971626903943694
S_7,CP6,theta_4_8Hz,7,1.7292408050446757,0.09157132895666305
S_7,CP6,alpha_8_13Hz,7,1.318403417094413,0.0750116454494723
S_7,CP6,beta_13_30Hz,7,6.191012709625508,0.3301876314174092
S_7,CP2,delta_1_4Hz,7,1.8194425444730284,0.15268071743545633
S_7,CP2,theta_4_8Hz,7,1.2590504278339847,0.1117688696399733
S_7,CP2,alpha_8_13Hz,7,0.873347957499673,0.06958714796459019
S_7,CP2,beta_13_30Hz,7,4.187715635121922,0.34148247503079154
S_7,Cz,delta_1_4Hz,7,2.4576713873526383,0.19724443719589052
S_7,Cz,theta_4_8Hz,7,1.5861192498162933,0.11821760093671542
S_7,Cz,alpha_8_13Hz,7,0.660596138504181,0.05102191220778109
S_7,Cz,beta_13_30Hz,7,4.551840667673456,0.32969720260239704
S_7,C4,delta_1_4Hz,7,4.316476726427234,0.18114429525765
S_7,C4,theta_4_8Hz,7,2.6713670784602948,0.11386431153137186
S_7,C4,alpha_8_13Hz,7,1.5061547111444535,0.06932969302406619
S_7,C4,beta_13_30Hz,7,7.165876901854378,0.2939456403922728
S_7,T8,delta_1_4Hz,7,3.613450588651452,0.11461254238875651
S_7,T8,theta_4_8Hz,7,2.087195862541575,0.061746275679798956
S_7,T8,alpha_8_13Hz,7,1.1319953800472635,0.0323926473884062
S_7,T8,beta_13_30Hz,7,17.677169296067863,0.46605737895687804
S_7,FT10,delta_1_4Hz,7,9.0334354769899,0.3096071020964969
S_7,FT10,theta_4_8Hz,7,1.5038337365166614,0.05434003531351458
S_7,FT10,alpha_8_13Hz,7,0.707016093001471,0.029292031351921186
S_7,FT10,beta_13_30Hz,7,8.590547926638695,0.3259801065619459
S_7,FC6,delta_1_4Hz,7,4.971487621126551,0.19975840216800633
S_7,FC6,theta_4_8Hz,7,1.368998981657434,0.06457670119904654
S_7,FC6,alpha_8_13Hz,7,0.7693245615432794,0.04134447343369639
S_7,FC6,beta_13_30Hz,7,9.300872872738122,0.4117273090581834
S_7,FC2,delta_1_4Hz,7,2.0552167180602283,0.1392321531727408
S_7,FC2,theta_4_8Hz,7,1.1345695176759865,0.07389335248640812
S_7,FC2,alpha_8_13Hz,7,0.669986659393011,0.05366010704619729
S_7,FC2,beta_13_30Hz,7,8.47435321769405,0.4945620116770762
S_7,F4,delta_1_4Hz,7,5.340459011818395,0.19709732371797767
S_7,F4,theta_4_8Hz,7,1.428392014452466,0.07342195925802719
S_7,F4,alpha_8_13Hz,7,0.8897199379503237,0.03933859381808765
S_7,F4,beta_13_30Hz,7,12.53557787832917,0.4515377750833164
S_7,F8,delta_1_4Hz,7,16.43027743468074,0.3707067094096938
S_7,F8,theta_4_8Hz,7,2.655112040115464,0.06476922836464849
S_7,F8,alpha_8_13Hz,7,1.0578225960251415,0.028761293549361643
S_7,F8,beta_13_30Hz,7,11.67004987651114,0.2742764139922838
S_7,Fp2,delta_1_4Hz,7,10.580350303091722,0.3534523134615289
S_7,Fp2,theta_4_8Hz,7,1.7902016074737301,0.068582059798342
S_7,Fp2,alpha_8_13Hz,7,0.7128767873434384,0.026957010574467873
S_7,Fp2,beta_13_30Hz,7,8.432231253180715,0.2872393410851611
S_8,Fp1,delta_1_4Hz,7,77.16336922748613,0.39614537525465476
S_8,Fp1,theta_4_8Hz,7,14.81524475860981,0.09337522902333208
S_8,Fp1,alpha_8_13Hz,7,3.1753811549711073,0.04115383277520236
S_8,Fp1,beta_13_30Hz,7,8.059292310584933,0.15565157626270382
S_8,F3,delta_1_4Hz,7,7.810920030433595,0.2627608236412003
S_8,F3,theta_4_8Hz,7,1.481733573568634,0.05612635461626663
S_8,F3,alpha_8_13Hz,7,1.1625597529486862,0.035544156212528225
S_8,F3,beta_13_30Hz,7,14.259425030083413,0.4114643719598327
S_8,F7,delta_1_4Hz,7,12.923999774765562,0.31429488755678214
S_8,F7,theta_4_8Hz,7,2.9629315105830134,0.07690992905994283
S_8,F7,alpha_8_13Hz,7,1.6194812444134703,0.043728044036426765
S_8,F7,beta_13_30Hz,7,11.097647987770442,0.2778764074909687
S_8,FT9,delta_1_4Hz,7,4.611688435321386,0.2187482581846917
S_8,FT9,theta_4_8Hz,7,1.5536800116366913,0.07475992410890737
S_8,FT9,alpha_8_13Hz,7,1.4456268600247522,0.06329330409998991
S_8,FT9,beta_13_30Hz,7,7.35348457744212,0.33130424774957884
S_8,FC5,delta_1_4Hz,7,3.039867172574999,0.19329109443254205
S_8,FC5,theta_4_8Hz,7,0.7222204403795826,0.03985794347312904
S_8,FC5,alpha_8_13Hz,7,0.8108339742759955,0.043355834680918935
S_8,FC5,beta_13_30Hz,7,8.434745096082098,0.4805938298718386
S_8,FC1,delta_1_4Hz,7,3.5204983458796266,0.20639430055537922
S_8,FC1,theta_4_8Hz,7,1.1311005255509075,0.08372233334231802
S_8,FC1,alpha_8_13Hz,7,0.702604645317177,0.03443550378212281
S_8,FC1,beta_13_30Hz,7,7.343423865723239,0.4146880437682516
S_8,C3,delta_1_4Hz,7,2.338284791460803,0.17870529801959553
S_8,C3,theta_4_8Hz,7,0.7962742787484458,0.05848333282485254
S_8,C3,alpha_8_13Hz,7,0.6288008590464893,0.04754412721103311
S_8,C3,beta_13_30Hz,7,6.021368683121389,0.4506577114574271
S_8,T7,delta_1_4Hz,7,2.836963497000998,0.11899728619816001
S_8,T7,theta_4_8Hz,7,1.0055472288498561,0.036378753307367395
S_8,T7,alpha_8_13Hz,7,0.9582002132045979,0.03543719609261055
S_8,T7,beta_13_30Hz,7,13.753759745884883,0.5120408760861878
S_8,TP9,delta_1_4Hz,7,6.57960809701395,0.20570064170762375
S_8,TP9,theta_4_8Hz,7,2.4183185889023333,0.09638428022018539
S_8,TP9,alpha_8_13Hz,7,1.4352890154064013,0.060200884113868876
S_8,TP9,beta_13_30Hz,7,8.501182355838939,0.3013014653569002
S_8,CP5,delta_1_4Hz,7,5.932171387800031,0.21420788211329903
S_8,CP5,theta_4_8Hz,7,1.588589390319152,0.06568194313488566
S_8,CP5,alpha_8_13Hz,7,1.0116470760420095,0.04810223673358376
S_8,CP5,beta_13_30Hz,7,8.216832143371825,0.377691533761126
S_8,CP1,delta_1_4Hz,7,4.0194865158268165,0.21376580296574424
S_8,CP1,theta_4_8Hz,7,1.2905200178016445,0.08497032415152701
S_8,CP1,alpha_8_13Hz,7,1.0801958345303635,0.057060740357314226
S_8,CP1,beta_13_30Hz,7,5.638465322417099,0.3492234194930937
S_8,Pz,delta_1_4Hz,7,5.359835059092126,0.23936112738260862
S_8,Pz,theta_4_8Hz,7,2.073354785801536,0.10141110143834807
S_8,Pz,alpha_8_13Hz,7,1.4729190769580809,0.06288070464538743
S_8,Pz,beta_13_30Hz,7,5.802684725807641,0.277939126711712
S_8,P3,delta_1_4Hz,7,7.659766976957744,0.2567933272843991
S_8,P3,theta_4_8Hz,7,2.544722438069195,0.09034545311430738
S_8,P3,alpha_8_13Hz,7,1.3375480521390348,0.0427961456950901
S_8,P3,beta_13_30Hz,7,8.10478594775595,0.27717918488838394
S_8,P7,delta_1_4Hz,7,9.60351021318932,0.24928242122040797
S_8,P7,theta_4_8Hz,7,2.79902876044716,0.09262362204960217
S_8,P7,alpha_8_13Hz,7,1.1262926154600412,0.04051078114486325
S_8,P7,beta_13_30Hz,7,6.99540448837503,0.26489038408378207
S_8,O1,delta_1_4Hz,7,8.723534466081228,0.16258479863536993
S_8,O1,theta_4_8Hz,7,4.469156466594801,0.10437465098674645
S_8,O1,alpha_8_13Hz,7,2.2141776229370382,0.04984191474586587
S_8,O1,beta_13_30Hz,7,13.795875574450179,0.3368482016516094
S_8,Oz,delta_1_4Hz,7,8.789174443688559,0.19007321336997748
S_8,Oz,theta_4_8Hz,7,4.515326928732824,0.11883319318957154
S_8,Oz,alpha_8_13Hz,7,2.4177089035070187,0.060127647787039586
S_8,Oz,beta_13_30Hz,7,9.941250276511578,0.27023641297988893
S_8,O2,delta_1_4Hz,7,7.327493173122969,0.12303008658838918
S_8,O2,theta_4_8Hz,7,5.525502504954245,0.09597949754219766
S_8,O2,alpha_8_13Hz,7,4.317123872484369,0.06604955684054906
S_8,O2,beta_13_30Hz,7,17.84574403443082,0.3126410562369482
S_8,P4,delta_1_4Hz,7,3.74218347489731,0.2196654541988539
S_8,P4,theta_4_8Hz,7,1.3858557422846267,0.07568639903197641
S_8,P4,alpha_8_13Hz,7,1.0375361866221098,0.0717470379169904
S_8,P4,beta_13_30Hz,7,4.6857971294833405,0.31189191515499165
S_8,P8,delta_1_4Hz,7,5.98331844234131,0.17181875103661914
S_8,P8,theta_4_8Hz,7,2.4293687326078794,0.08863008263383211
S_8,P8,alpha_8_13Hz,7,1.09717869182761,0.04776470088190969
S_8,P8,beta_13_30Hz,7,10.986729937619883,0.37768007830874045
S_8,TP10,delta_1_4Hz,7,6.302018673292005,0.14917471536875834
S_8,TP10,theta_4_8Hz,7,1.9220495933243984,0.04494903108438147
S_8,TP10,alpha_8_13Hz,7,1.6348700004005654,0.03965916662612733
S_8,TP10,beta_13_30Hz,7,20.2426660297165,0.45611871139768134
S_8,CP6,delta_1_4Hz,7,5.075559274250394,0.21989058952253812
S_8,CP6,theta_4_8Hz,7,1.5577795627438484,0.07094644336592434
S_8,CP6,alpha_8_13Hz,7,1.1941717588365515,0.05320666811934588
S_8,CP6,beta_13_30Hz,7,7.891122339234188,0.3628289679426006
S_8,CP2,delta_1_4Hz,7,3.974042022840921,0.24517147026564357
S_8,CP2,theta_4_8Hz,7,1.5172763611801618,0.09932091444857807
S_8,CP2,alpha_8_13Hz,7,1.2528091779864703,0.07660611285743239
S_8,CP2,beta_13_30Hz,7,4.3455032097038115,0.2662499748428619
S_8,Cz,delta_1_4Hz,7,3.501477883124392,0.22403451904067143
S_8,Cz,theta_4_8Hz,7,1.5025289358990626,0.11431624448772341
S_8,Cz,alpha_8_13Hz,7,1.0343574106879376,0.05844746551146892
S_8,Cz,beta_13_30Hz,7,3.5695374453437556,0.2791079614306013
S_8,C4,delta_1_4Hz,7,3.836258243008144,0.20067276327644276
S_8,C4,theta_4_8Hz,7,1.6258842191992446,0.09147161547588757
S_8,C4,alpha_8_13Hz,7,1.0534853456948388,0.05228240565121189
S_8,C4,beta_13_30Hz,7,6.11359579256108,0.33570096295993324
S_8,T8,delta_1_4Hz,7,3.497590759458904,0.0936025598064963
S_8,T8,theta_4_8Hz,7,1.5893580581827067,0.041404296095264526
S_8,T8,alpha_8_13Hz,7,1.692589173367416,0.04116920902689002
S_8,T8,beta_13_30Hz,7,18.463627162374426,0.47653630405910763
S_8,FT10,delta_1_4Hz,7,7.711537048307545,0.22453540528805266
S_8,FT10,theta_4_8Hz,7,1.520317156252395,0.04860694780229419
S_8,FT10,alpha_8_13Hz,7,1.3166563867244168,0.04067691504570952
S_8,FT10,beta_13_30Hz,7,13.42423836783585,0.4466480380241501
S_8,FC6,delta_1_4Hz,7,2.225844997592743,0.12155914660130636
S_8,FC6,theta_4_8Hz,7,1.144174978328458,0.06258644366627493
S_8,FC6,alpha_8_13Hz,7,0.7888626668114787,0.03762604544424285
S_8,FC6,beta_13_30Hz,7,10.112979399833266,0.5124374515954293
S_8,FC2,delta_1_4Hz,7,1.5276595227134229,0.11396400932130998
S_8,FC2,theta_4_8Hz,7,1.2421189441434548,0.10546598174586222
S_8,FC2,alpha_8_13Hz,7,0.7436161298926806,0.04990839453494476
S_8,FC2,beta_13_30Hz,7,5.405096850053822,0.44766288743117844
S_8,F4,delta_1_4Hz,7,7.529580872755004,0.23438762410367936
S_8,F4,theta_4_8Hz,7,3.3636693503527617,0.09480350033652196
S_8,F4,alpha_8_13Hz,7,0.9105618616816177,0.02872917520241966
S_8,F4,beta_13_30Hz,7,12.137343282578266,0.3878053531533303
S_8,F8,delta_1_4Hz,7,15.825725442870828,0.3065672945328745
S_8,F8,theta_4_8Hz,7,4.3427591871153695,0.07748273276962492
S_8,F8,alpha_8_13Hz,7,1.496385053207855,0.026818581276780253
S_8,F8,beta_13_30Hz,7,20.160129105959854,0.34479071829410424
S_8,Fp2,delta_1_4Hz,7,114.79921958515767,0.361184603997631
S_8,Fp2,theta_4_8Hz,7,28.232896145034744,0.07578213363582988
S_8,Fp2,alpha_8_13Hz,7,3.4236173917464576,0.01829271207891129
S_8,Fp2,beta_13_30Hz,7,12.183363953408989,0.25821608653993366
S_9,Fp1,delta_1_4Hz,4,60.0910524298036,0.37292358552774374
S_9,Fp1,theta_4_8Hz,4,9.564768387413228,0.09459578983536455
S_9,Fp1,alpha_8_13Hz,4,3.0567454992199434,0.05215624816543318
S_9,Fp1,beta_13_30Hz,4,6.894705743808702,0.13889616609149533
S_9,F3,delta_1_4Hz,4,7.661118546239736,0.3244291767430285
S_9,F3,theta_4_8Hz,4,1.0808595791882258,0.05022321811967172
S_9,F3,alpha_8_13Hz,4,0.8119492985250224,0.04395284214945612
S_9,F3,beta_13_30Hz,4,7.679466643694487,0.3280486022323136
S_9,F7,delta_1_4Hz,4,16.114962320810704,0.3441956707168726
S_9,F7,theta_4_8Hz,4,3.539783355083155,0.07455520558292743
S_9,F7,alpha_8_13Hz,4,1.3611388142940337,0.029875128863070213
S_9,F7,beta_13_30Hz,4,15.985903514669381,0.26979935791374987
S_9,FT9,delta_1_4Hz,4,14.455191546819163,0.3878694354797072
S_9,FT9,theta_4_8Hz,4,3.551661746696829,0.10676201518569026
S_9,FT9,alpha_8_13Hz,4,1.0952897352370385,0.028068303782774535
S_9,FT9,beta_13_30Hz,4,6.716263962149311,0.16942585875303096
S_9,FC5,delta_1_4Hz,4,6.185115443914324,0.3003257260665972
S_9,FC5,theta_4_8Hz,4,1.149817405851769,0.060593436323676225
S_9,FC5,alpha_8_13Hz,4,0.49677853688406365,0.030339423525198445
S_9,FC5,beta_13_30Hz,4,8.524123040938088,0.3739643264238351
S_9,FC1,delta_1_4Hz,4,4.078957230615806,0.25484541635233077
S_9,FC1,theta_4_8Hz,4,1.5370055116725456,0.10616444666149158
S_9,FC1,alpha_8_13Hz,4,0.8345768414350864,0.05798147545160914
S_9,FC1,beta_13_30Hz,4,3.893545177299159,0.26733465965825354
S_9,C3,delta_1_4Hz,4,4.033393230415418,0.23118932640302908
S_9,C3,theta_4_8Hz,4,1.4386622768267763,0.08928907268766051
S_9,C3,alpha_8_13Hz,4,1.0034088756295396,0.0646346486809769
S_9,C3,beta_13_30Hz,4,4.293399454813074,0.3179353577075614
S_9,T7,delta_1_4Hz,4,6.413690632130687,0.17338815680518138
S_9,T7,theta_4_8Hz,4,1.6599993914309847,0.05050264845670556
S_9,T7,alpha_8_13Hz,4,0.5613874241550031,0.016694076955330765
S_9,T7,beta_13_30Hz,4,17.01806453526468,0.5154836206413019
S_9,TP9,delta_1_4Hz,4,7.016512769130961,0.20306138774293558
S_9,TP9,theta_4_8Hz,4,2.2234112751273263,0.06809209931281318
S_9,TP9,alpha_8_13Hz,4,0.8803533506272906,0.0306165801878975
S_9,TP9,beta_13_30Hz,4,10.242848728797627,0.37848713598627104
S_9,CP5,delta_1_4Hz,4,6.3601996786783985,0.2993513713230027
S_9,CP5,theta_4_8Hz,4,2.039132379928904,0.10857727939296655
S_9,CP5,alpha_8_13Hz,4,0.9093863810881393,0.043700239623877826
S_9,CP5,beta_13_30Hz,4,4.163499021737381,0.2188866251803581
S_9,CP1,delta_1_4Hz,4,3.7878885614046087,0.22742011037642387
S_9,CP1,theta_4_8Hz,4,1.4292239392384272,0.09379383965093945
S_9,CP1,alpha_8_13Hz,4,1.6840781888766148,0.12186909551593499
S_9,CP1,beta_13_30Hz,4,2.614077799507311,0.1857500355703643
S_9,Pz,delta_1_4Hz,4,2.613733737119642,0.1744295625242393
S_9,Pz,theta_4_8Hz,4,1.4768170897884654,0.10938693831654309
S_9,Pz,alpha_8_13Hz,4,1.4211941972045605,0.10791586200706993
S_9,Pz,beta_13_30Hz,4,3.144084645609893,0.2705708557198338
S_9,P3,delta_1_4Hz,4,6.819612599495354,0.26076540054781183
S_9,P3,theta_4_8Hz,4,2.932415573520433,0.11932103734899643
S_9,P3,alpha_8_13Hz,4,1.5367705447865798,0.0668012278737333
S_9,P3,beta_13_30Hz,4,4.305132084627335,0.19055433047885317
S_9,P7,delta_1_4Hz,4,5.439193972864356,0.20992468258340258
S_9,P7,theta_4_8Hz,4,2.1693566986640156,0.09257054628616618
S_9,P7,alpha_8_13Hz,4,0.7002095887406793,0.02990400016722823
S_9,P7,beta_13_30Hz,4,6.1336444404091655,0.31946935698292817
S_9,O1,delta_1_4Hz,4,4.282229969305991,0.11879242273468288
S_9,O1,theta_4_8Hz,4,2.253944599467014,0.06903080511111828
S_9,O1,alpha_8_13Hz,4,1.4426349657727022,0.04845953927588175
S_9,O1,beta_13_30Hz,4,9.889913713570396,0.3589333718965936
S_9,Oz,delta_1_4Hz,4,4.9610351971894,0.15159138236087594
S_9,Oz,theta_4_8Hz,4,2.537435019241341,0.09036567042889913
S_9,Oz,alpha_8_13Hz,4,1.9525650423676113,0.07256553186541087
S_9,Oz,beta_13_30Hz,4,6.95132927390482,0.24248949357448193
S_9,O2,delta_1_4Hz,4,6.4070012626951565,0.14437848531707997
S_9,O2,theta_4_8Hz,4,2.4532859582234514,0.05455049919454274
S_9,O2,alpha_8_13Hz,4,3.347120314998876,0.07364898866549154
S_9,O2,beta_13_30Hz,4,15.036534604701782,0.2931778533358464
S_9,P4,delta_1_4Hz,4,4.603777913689553,0.28069810048978605
S_9,P4,theta_4_8Hz,4,0.8554213443143959,0.05817177837654586
S_9,P4,alpha_8_13Hz,4,1.2204494731466378,0.08438148610801646
S_9,P4,beta_13_30Hz,4,3.8509919972985402,0.25123437345462396
S_9,P8,delta_1_4Hz,4,8.942680781448317,0.33891742131236763
S_9,P8,theta_4_8Hz,4,1.5316786104755262,0.06550510790886974
S_9,P8,alpha_8_13Hz,4,1.1625421365543815,0.04905857373921343
S_9,P8,beta_13_30Hz,4,4.464049514729741,0.19952307224472787
S_9,TP10,delta_1_4Hz,4,6.762649238839404,0.1381302372017017
S_9,TP10,theta_4_8Hz,4,2.413052369653503,0.05179837683883243
S_9,TP10,alpha_8_13Hz,4,0.8058859909295248,0.01849256897960917
S_9,TP10,beta_13_30Hz,4,19.37436490028422,0.42850773772482603
S_9,CP6,delta_1_4Hz,4,4.236341184153957,0.23494658428828386
S_9,CP6,theta_4_8Hz,4,1.1400451682759272,0.06906806743077756
S_9,CP6,alpha_8_13Hz,4,0.9283694191397098,0.05772052395232079
S_9,CP6,beta_13_30Hz,4,5.888106997714953,0.34062384478029883
S_9,CP2,delta_1_4Hz,4,2.8646553928668297,0.22117171217199627
S_9,CP2,theta_4_8Hz,4,1.3879518610345813,0.10364053191412662
S_9,CP2,alpha_8_13Hz,4,1.1496709452798894,0.0886389752005792
S_9,CP2,beta_13_30Hz,4,3.1247771326135587,0.24026204565800216
S_9,Cz,delta_1_4Hz,4,3.514191225240159,0.23826347372584278
S_9,Cz,theta_4_8Hz,4,1.8065621329217747,0.1398261364873036
S_9,Cz,alpha_8_13Hz,4,1.3836222883628062,0.09154590340191142
S_9,Cz,beta_13_30Hz,4,2.3581769729025632,0.17240775038911485
S_9,C4,delta_1_4Hz,4,3.320198761546596,0.1898171804275532
S_9,C4,theta_4_8Hz,4,1.4257118965760571,0.08156773435524498
S_9,C4,alpha_8_13Hz,4,1.611270382026392,0.08278739669582055
S_9,C4,beta_13_30Hz,4,5.31714689484354,0.3041134305256602
S_9,T8,delta_1_4Hz,4,7.578636754611612,0.18159873468989515
S_9,T8,theta_4_8Hz,4,1.4120474489496406,0.039285951954308757
S_9,T8,alpha_8_13Hz,4,1.0272407596214974,0.030572148343750688
S_9,T8,beta_13_30Hz,4,17.126852508005822,0.4639491931935448
S_9,FT10,delta_1_4Hz,4,19.818405123157536,0.4360148619065678
S_9,FT10,theta_4_8Hz,4,2.176927854134037,0.057470360081424886
S_9,FT10,alpha_8_13Hz,4,0.8097629884888664,0.020624182907777858
S_9,FT10,beta_13_30Hz,4,8.395738813672546,0.20395765031632992
S_9,FC6,delta_1_4Hz,4,6.8542421224936865,0.288374082785934
S_9,FC6,theta_4_8Hz,4,2.246421493797443,0.09596171882896419
S_9,FC6,alpha_8_13Hz,4,0.3981069046321265,0.017862692723630714
S_9,FC6,beta_13_30Hz,4,7.775101899744575,0.3257297996649386
S_9,FC2,delta_1_4Hz,4,3.704995393047311,0.21927682954776678
S_9,FC2,theta_4_8Hz,4,2.055634638273172,0.1183256767229556
S_9,FC2,alpha_8_13Hz,4,0.8994648627682419,0.053764226343654485
S_9,FC2,beta_13_30Hz,4,5.12732316073229,0.2803989803299132
S_9,F4,delta_1_4Hz,4,7.217969316292331,0.21950142178881224
S_9,F4,theta_4_8Hz,4,4.968896923745664,0.12231401513202514
S_9,F4,alpha_8_13Hz,4,1.4657209303118048,0.04126957686077195
S_9,F4,beta_13_30Hz,4,9.38737345538773,0.31459319355823656
S_9,F8,delta_1_4Hz,4,35.55134678029507,0.45599932200989324
S_9,F8,theta_4_8Hz,4,5.602071187103424,0.07637970412699052
S_9,F8,alpha_8_13Hz,4,0.9718550521375513,0.010659893015509792
S_9,F8,beta_13_30Hz,4,11.787442451244246,0.17830500965976842
S_9,Fp2,delta_1_4Hz,4,98.37299963598687,0.3667955342325261
S_9,Fp2,theta_4_8Hz,4,16.432606793784732,0.053411505193340356
S_9,Fp2,alpha_8_13Hz,4,4.081827116378405,0.04334062960186336
S_9,Fp2,beta_13_30Hz,4,8.125228718706714,0.25156850448800433
S_10,Fp1,delta_1_4Hz,4,99.00916570414441,0.417913273752228
S_10,Fp1,theta_4_8Hz,4,16.48838097087688,0.10166498422455222
S_10,Fp1,alpha_8_13Hz,4,2.7493291709016012,0.039257052434195513
S_10,Fp1,beta_13_30Hz,4,6.887878771147481,0.09124324017790936
S_10,F3,delta_1_4Hz,4,11.66283092762359,0.318793153626001
S_10,F3,theta_4_8Hz,4,2.359287920895918,0.07148149165774585
S_10,F3,alpha_8_13Hz,4,1.1385499581027407,0.038803172596776014
S_10,F3,beta_13_30Hz,4,10.790732773028163,0.3105429172882319
S_10,F7,delta_1_4Hz,4,31.23460506402567,0.43533393933656533
S_10,F7,theta_4_8Hz,4,4.323588027981675,0.06377760134100897
S_10,F7,alpha_8_13Hz,4,3.140305689170984,0.04780552919122537
S_10,F7,beta_13_30Hz,4,10.593030436756937,0.16174423210682698
S_10,FT9,delta_1_4Hz,4,13.271157520615663,0.3565717222247924
S_10,FT9,theta_4_8Hz,4,3.2890292983692944,0.09871532118868372
S_10,FT9,alpha_8_13Hz,4,1.2595904034196266,0.038002017779285906
S_10,FT9,beta_13_30Hz,4,5.799644174547964,0.1709711883377378
S_10,FC5,delta_1_4Hz,4,7.842126157117143,0.28183477025407716
S_10,FC5,theta_4_8Hz,4,1.6539874844470082,0.06012647511135551
S_10,FC5,alpha_8_13Hz,4,0.8856919423606818,0.03622818475957075
S_10,FC5,beta_13_30Hz,4,8.660838113547998,0.35408195942958653
S_10,FC1,delta_1_4Hz,4,3.5779672777326836,0.2204717026789971
S_10,FC1,theta_4_8Hz,4,1.4920136965890411,0.09259017434954425
S_10,FC1,alpha_8_13Hz,4,0.36372336637466507,0.022888173128807643
S_10,FC1,beta_13_30Hz,4,6.6805393481283675,0.39084249983410463
S_10,C3,delta_1_4Hz,4,5.140889586738173,0.28075708133628674
S_10,C3,theta_4_8Hz,4,1.1777038630935575,0.061020102089974805
S_10,C3,alpha_8_13Hz,4,0.6057310437882918,0.03465560153878867
S_10,C3,beta_13_30Hz,4,5.6792038835436305,0.3235509693145039
S_10,T7,delta_1_4Hz,4,5.054085064156374,0.16152819217277165
S_10,T7,theta_4_8Hz,4,1.2004202569959292,0.03878610669522128
S_10,T7,alpha_8_13Hz,4,0.9720500265636021,0.02950334612188345
S_10,T7,beta_13_30Hz,4,15.488406530552863,0.4638331371663129
S_10,TP9,delta_1_4Hz,4,8.858326755687552,0.2528934881041837
S_10,TP9,theta_4_8Hz,4,2.1266632595024375,0.07105634291851257
S_10,TP9,alpha_8_13Hz,4,0.9331626192305295,0.030489815186547267
S_10,TP9,beta_13_30Hz,4,9.10561450548815,0.2919543122504672
S_10,CP5,delta_1_4Hz,4,6.454707469959338,0.2828160643047749
S_10,CP5,theta_4_8Hz,4,1.9166735682585045,0.08866344119236629
S_10,CP5,alpha_8_13Hz,4,0.6270035877334375,0.028437201434774843
S_10,CP5,beta_13_30Hz,4,5.055558503298793,0.265863063204712
S_10,CP1,delta_1_4Hz,4,3.93511551899469,0.26531354693540965
S_10,CP1,theta_4_8Hz,4,1.5345513510845863,0.10521663077834074
S_10,CP1,alpha_8_13Hz,4,0.9921646504388874,0.060133630107186274
S_10,CP1,beta_13_30Hz,4,3.593021553284879,0.24111080777466085
S_10,Pz,delta_1_4Hz,4,3.916746006311131,0.20873588848948263
S_10,Pz,theta_4_8Hz,4,2.561727980300863,0.14646388725716492
S_10,Pz,alpha_8_13Hz,4,1.5233723359078088,0.07397797259513322
S_10,Pz,beta_13_30Hz,4,3.568459654454687,0.20515033875652122
S_10,P3,delta_1_4Hz,4,10.38987107942713,0.3116101290706348
S_10,P3,theta_4_8Hz,4,2.9743514856110886,0.10283062395567255
S_10,P3,alpha_8_13Hz,4,0.8427774559169059,0.049593093942292346
S_10,P3,beta_13_30Hz,4,4.223107634221522,0.19181736881205574
S_10,P7,delta_1_4Hz,4,4.115050120808365,0.1918351554810569
S_10,P7,theta_4_8Hz,4,1.6290649733481115,0.08018709445757749
S_10,P7,alpha_8_13Hz,4,1.357669313934141,0.0662030950062827
S_10,P7,beta_13_30Hz,4,7.342269438415507,0.32027921954402094
S_10,O1,delta_1_4Hz,4,4.863433234273401,0.1297570788963494
S_10,O1,theta_4_8Hz,4,3.9940568496331985,0.11434517670493644
S_10,O1,alpha_8_13Hz,4,2.877733331401931,0.06621244872140214
S_10,O1,beta_13_30Hz,4,10.156009329043545,0.25532392214700883
S_10,Oz,delta_1_4Hz,4,5.937720416051509,0.14669924974986678
S_10,Oz,theta_4_8Hz,4,4.0981313588656745,0.11013313484535459
S_10,Oz,alpha_8_13Hz,4,1.81720150370043,0.04647577476505313
S_10,Oz,beta_13_30Hz,4,11.394450444323374,0.29680389463531953
S_10,O2,delta_1_4Hz,4,8.87947466229767,0.1395917789998259
S_10,O2,theta_4_8Hz,4,4.972655684207781,0.08010937874010057
S_10,O2,alpha_8_13Hz,4,2.759050405240819,0.04320569752351526
S_10,O2,beta_13_30Hz,4,22.11460458270235,0.3463149100903012
S_10,P4,delta_1_4Hz,4,5.076823637959819,0.26629707752247134
S_10,P4,theta_4_8Hz,4,1.656914001316055,0.08891679809723893
S_10,P4,alpha_8_13Hz,4,1.3962796101320025,0.08365956930114646
S_10,P4,beta_13_30Hz,4,3.4686406705306676,0.21454848942677363
S_10,P8,delta_1_4Hz,4,7.785622770048607,0.25014824631378346
S_10,P8,theta_4_8Hz,4,2.5060879917734256,0.08211456701224547
S_10,P8,alpha_8_13Hz,4,0.9870942325844051,0.04042014955403814
S_10,P8,beta_13_30Hz,4,8.088238925681908,0.27965525176195843
S_10,TP10,delta_1_4Hz,4,8.851416829070969,0.15666091248510916
S_10,TP10,theta_4_8Hz,4,2.389940440310237,0.05054760526492923
S_10,TP10,alpha_8_13Hz,4,1.1141938533868088,0.02120262740477347
S_10,TP10,beta_13_30Hz,4,15.995949812418182,0.3137495198691643
S_10,CP6,delta_1_4Hz,4,6.004619269608235,0.287153773504589
S_10,CP6,theta_4_8Hz,4,1.52111007590651,0.07074494330698541
S_10,CP6,alpha_8_13Hz,4,0.8869645442840567,0.046370533831398754
S_10,CP6,beta_13_30Hz,4,5.322608363150347,0.278280054960322
S_10,CP2,delta_1_4Hz,4,4.770169679426111,0.28944647376475025
S_10,CP2,theta_4_8Hz,4,1.3769641553115273,0.08738098986231754
S_10,CP2,alpha_8_13Hz,4,1.5429148963840373,0.08520541310349974
S_10,CP2,beta_13_30Hz,4,3.180303077064765,0.1990990768275978
S_10,Cz,delta_1_4Hz,4,3.2718129655942265,0.20338902183362265
S_10,Cz,theta_4_8Hz,4,3.0604117533379047,0.1938520965584897
S_10,Cz,alpha_8_13Hz,4,0.5675051558523098,0.0420592073641535
S_10,Cz,beta_13_30Hz,4,2.550592350158315,0.18189703903505147
S_10,C4,delta_1_4Hz,4,3.9127933087660587,0.17420004752725232
S_10,C4,theta_4_8Hz,4,1.5526259285120148,0.07685315120274057
S_10,C4,alpha_8_13Hz,4,0.8402027247122503,0.04551751783751935
S_10,C4,beta_13_30Hz,4,9.888215201762497,0.3756062101538049
S_10,T8,delta_1_4Hz,4,3.6878105021359606,0.08979712086832282
S_10,T8,theta_4_8Hz,4,0.8859412906989246,0.02123760761011805
S_10,T8,alpha_8_13Hz,4,0.6227609482236361,0.015524262103010979
S_10,T8,beta_13_30Hz,4,26.21512082986623,0.6086896691623942
S_10,FT10,delta_1_4Hz,4,15.204078253974425,0.4102497392744371
S_10,FT10,theta_4_8Hz,4,1.4956635775591476,0.04186321957059181
S_10,FT10,alpha_8_13Hz,4,0.7030924951502293,0.020290465801779865
S_10,FT10,beta_13_30Hz,4,9.50645268778107,0.26949702689764243
S_10,FC6,delta_1_4Hz,4,8.913508678756797,0.30211709284856686
S_10,FC6,theta_4_8Hz,4,2.093134607835628,0.06973254983010096
S_10,FC6,alpha_8_13Hz,4,0.47222678375971217,0.0180548416383066
S_10,FC6,beta_13_30Hz,4,9.845829738694272,0.3306300089973515
S_10,FC2,delta_1_4Hz,4,2.5222238560101715,0.20155475227212905
S_10,FC2,theta_4_8Hz,4,1.8601645282836803,0.15372822298360175
S_10,FC2,alpha_8_13Hz,4,0.4151064556498034,0.036910131874873416
S_10,FC2,beta_13_30Hz,4,3.3531422923922336,0.2430613400524575
S_10,F4,delta_1_4Hz,4,11.339953762639643,0.3790942494450428
S_10,F4,theta_4_8Hz,4,2.6460172859328743,0.08219477160099209
S_10,F4,alpha_8_13Hz,4,0.7761309331298087,0.02535227780419718
S_10,F4,beta_13_30Hz,4,7.153329631400195,0.23368384481554777
S_10,F8,delta_1_4Hz,4,29.450501961118277,0.45188721608482224
S_10,F8,theta_4_8Hz,4,4.633697681233263,0.0700590922260667
S_10,F8,alpha_8_13Hz,4,0.8870189487509481,0.014293409581957184
S_10,F8,beta_13_30Hz,4,13.150524486714678,0.21763527384197395
S_10,Fp2,delta_1_4Hz,4,105.16991804045914,0.4319944402093856
S_10,Fp2,theta_4_8Hz,4,23.84654191465374,0.07260267190604193
S_10,Fp2,alpha_8_13Hz,4,2.7257943671245886,0.023540937651629693
S_10,Fp2,beta_13_30Hz,4,7.053270980395956,0.15761140520877412
S_11,Fp1,delta_1_4Hz,4,149.80330532833963,0.42963782044788745
S_11,Fp1,theta_4_8Hz,4,31.002602990410715,0.11214286296721726
S_11,Fp1,alpha_8_13Hz,4,2.7076629882264385,0.01697364092899185
S_11,Fp1,beta_13_30Hz,4,9.882415836753774,0.11118180113288657
S_11,F3,delta_1_4Hz,4,11.948048810397724,0.3075048490776724
S_11,F3,theta_4_8Hz,4,3.297327680936516,0.11925144064614325
S_11,F3,alpha_8_13Hz,4,0.707948944129563,0.025504955414733615
S_11,F3,beta_13_30Hz,4,6.389212852365252,0.22330292950193004
S_11,F7,delta_1_4Hz,4,30.10380850515405,0.37354590827616035
S_11,F7,theta_4_8Hz,4,6.478058883720329,0.11679658559218914
S_11,F7,alpha_8_13Hz,4,1.7787757025331057,0.03139000015142264
S_11,F7,beta_13_30Hz,4,10.537401219699364,0.13771588379488572
S_11,FT9,delta_1_4Hz,4,8.74101510473527,0.26100544157917066
S_11,FT9,theta_4_8Hz,4,3.164803439406274,0.11564371029542425
S_11,FT9,alpha_8_13Hz,4,1.2934009523520869,0.05253966770401676
S_11,FT9,beta_13_30Hz,4,7.443615625722048,0.24386245192236738
S_11,FC5,delta_1_4Hz,4,3.233815444279396,0.18548577748378003
S_11,FC5,theta_4_8Hz,4,2.077065204347044,0.13631662687623605
S_11,FC5,alpha_8_13Hz,4,0.5445001149215222,0.03659413993338078
S_11,FC5,beta_13_30Hz,4,5.322415276549663,0.3027699219442833
S_11,FC1,delta_1_4Hz,4,2.380681734354431,0.20959079077998158
S_11,FC1,theta_4_8Hz,4,1.1518773069467771,0.10595090216705283
S_11,FC1,alpha_8_13Hz,4,0.45937523396684704,0.051373867707463855
S_11,FC1,beta_13_30Hz,4,3.1076082840581005,0.3258671091677956
S_11,C3,delta_1_4Hz,4,1.8212211860897387,0.2088618611859796
S_11,C3,theta_4_8Hz,4,1.1025583496645965,0.12347921983524501
S_11,C3,alpha_8_13Hz,4,0.5022611182627202,0.05002014675192051
S_11,C3,beta_13_30Hz,4,2.466059786982962,0.25705535692655873
S_11,T7,delta_1_4Hz,4,2.5819825735976663,0.12327383497179517
S_11,T7,theta_4_8Hz,4,1.7003691529549958,0.06597191044426143
S_11,T7,alpha_8_13Hz,4,0.6064448651497336,0.02687491643509603
S_11,T7,beta_13_30Hz,4,11.639250067378752,0.44865652618222573
S_11,TP9,delta_1_4Hz,4,5.027846982806129,0.15449012240195764
S_11,TP9,theta_4_8Hz,4,2.846195194855592,0.09288490844525572
S_11,TP9,alpha_8_13Hz,4,1.333013916718433,0.044188388620251054
S_11,TP9,beta_13_30Hz,4,12.425511584108904,0.38593665018034595
S_11,CP5,delta_1_4Hz,4,5.138435679737941,0.23876674561365796
S_11,CP5,theta_4_8Hz,4,2.6706626551251724,0.117006108306411
S_11,CP5,alpha_8_13Hz,4,1.2370685992290735,0.05420448009921003
S_11,CP5,beta_13_30Hz,4,4.843695794704343,0.2241596402225742
S_11,CP1,delta_1_4Hz,4,4.519163903647784,0.26140198406824233
S_11,CP1,theta_4_8Hz,4,1.586493109597698,0.10355629245563994
S_11,CP1,alpha_8_13Hz,4,1.0022199081899388,0.06852592544481903
S_11,CP1,beta_13_30Hz,4,2.376625320745438,0.20074633454827995
S_11,Pz,delta_1_4Hz,4,7.401291493527465,0.24230028640198215
S_11,Pz,theta_4_8Hz,4,4.1249010621378455,0.15437106832224856
S_11,Pz,alpha_8_13Hz,4,1.4776869787394313,0.05848503911009677
S_11,Pz,beta_13_30Hz,4,3.4166965725297027,0.15702469392163657
S_11,P3,delta_1_4Hz,4,7.848015623765002,0.27738653578591604
S_11,P3,theta_4_8Hz,4,1.8258334413533588,0.07754758540153779
S_11,P3,alpha_8_13Hz,4,1.8521070675606819,0.06754412788985885
S_11,P3,beta_13_30Hz,4,5.6067895375517365,0.23043229107468083
S_11,P7,delta_1_4Hz,4,7.793808940201994,0.2019968247662418
S_11,P7,theta_4_8Hz,4,3.4297960658604345,0.08945855201803855
S_11,P7,alpha_8_13Hz,4,1.5303508578289629,0.05615433851239862
S_11,P7,beta_13_30Hz,4,7.478572569298784,0.2806962429439705
S_11,O1,delta_1_4Hz,4,8.270452442974216,0.19379627434121574
S_11,O1,theta_4_8Hz,4,4.132499180277226,0.08718587459434977
S_11,O1,alpha_8_13Hz,4,2.3623640823328085,0.04957990026224224
S_11,O1,beta_13_30Hz,4,11.960246823968127,0.2632915469609394
S_11,Oz,delta_1_4Hz,4,7.951171689767999,0.19842765556165629
S_11,Oz,theta_4_8Hz,4,3.9443520325226515,0.10062807920970387
S_11,Oz,alpha_8_13Hz,4,1.5922255023936025,0.041619228569174875
S_11,Oz,beta_13_30Hz,4,9.474995273857104,0.2622643554806183
S_11,O2,delta_1_4Hz,4,11.641367503271741,0.16781766874176549
S_11,O2,theta_4_8Hz,4,4.762039054003497,0.07595870988647993
S_11,O2,alpha_8_13Hz,4,2.644918692296595,0.0441019971621803
S_11,O2,beta_13_30Hz,4,17.294648911102374,0.29193667868052986
S_11,P4,delta_1_4Hz,4,9.258280683731492,0.3094789464497279
S_11,P4,theta_4_8Hz,4,2.579430543227066,0.11356377819684113
S_11,P4,alpha_8_13Hz,4,0.9486119070910064,0.03212601755325021
S_11,P4,beta_13_30Hz,4,4.444763720003959,0.21088562649071632
S_11,P8,delta_1_4Hz,4,10.263349915340283,0.28045137532219944
S_11,P8,theta_4_8Hz,4,2.984932532261924,0.09733915404291561
S_11,P8,alpha_8_13Hz,4,1.285436206152574,0.042681629751404306
S_11,P8,beta_13_30Hz,4,6.157833172716537,0.214437413272004
S_11,TP10,delta_1_4Hz,4,9.199072232940066,0.17138054962308852
S_11,TP10,theta_4_8Hz,4,2.925482995750784,0.05565782617532373
S_11,TP10,alpha_8_13Hz,4,0.5928053968003745,0.016127701729141228
S_11,TP10,beta_13_30Hz,4,19.499523579057108,0.44589151744213074
S_11,CP6,delta_1_4Hz,4,8.911679423338219,0.26394160664395533
S_11,CP6,theta_4_8Hz,4,3.0932980038360873,0.12263453464180316
S_11,CP6,alpha_8_13Hz,4,1.1865334948684496,0.04080691991670598
S_11,CP6,beta_13_30Hz,4,6.6869470138320235,0.2154486542274404
S_11,CP2,delta_1_4Hz,4,7.3774258044175065,0.29670272065636016
S_11,CP2,theta_4_8Hz,4,2.7205697553873605,0.11568941163078181
S_11,CP2,alpha_8_13Hz,4,0.7175397555123899,0.031174943205579148
S_11,CP2,beta_13_30Hz,4,5.296946401908974,0.2589940359146795
S_11,Cz,delta_1_4Hz,4,5.269325218831151,0.28866073576340745
S_11,Cz,theta_4_8Hz,4,2.2809499128825363,0.12605260673606092
S_11,Cz,alpha_8_13Hz,4,0.596657507553493,0.03380848368903023
S_11,Cz,beta_13_30Hz,4,3.2261551602525187,0.21178125616910498
S_11,C4,delta_1_4Hz,4,4.385688709097922,0.20212512452272785
S_11,C4,theta_4_8Hz,4,1.9559287968678942,0.08629468799612343
S_11,C4,alpha_8_13Hz,4,1.2702178102035908,0.06283309737593538
S_11,C4,beta_13_30Hz,4,8.40296447243948,0.30036139382890387
S_11,T8,delta_1_4Hz,4,7.355844317632838,0.15946563977538047
S_11,T8,theta_4_8Hz,4,1.6175066192464849,0.035046292507500104
S_11,T8,alpha_8_13Hz,4,0.8040370373581419,0.018352981196736853
S_11,T8,beta_13_30Hz,4,21.83021390062578,0.4888202129406263
S_11,FT10,delta_1_4Hz,4,10.395799166739288,0.29817180612881505
S_11,FT10,theta_4_8Hz,4,1.914701176279084,0.05965504114681588
S_11,FT10,alpha_8_13Hz,4,1.1687248458759987,0.0404735519736164
S_11,FT10,beta_13_30Hz,4,8.86598023470825,0.2955828883498451
S_11,FC6,delta_1_4Hz,4,5.044485667111513,0.17480577844791484
S_11,FC6,theta_4_8Hz,4,1.3626891335878157,0.06470017211317415
S_11,FC6,alpha_8_13Hz,4,1.115572859498906,0.061529821212418595
S_11,FC6,beta_13_30Hz,4,9.578590661897719,0.4068558512710536
S_11,FC2,delta_1_4Hz,4,3.28579162608796,0.23832713683719303
S_11,FC2,theta_4_8Hz,4,1.2390150218657057,0.10490730662127917
S_11,FC2,alpha_8_13Hz,4,0.37374416398677973,0.029565845683464865
S_11,FC2,beta_13_30Hz,4,5.716032805794653,0.32748563898972566
S_11,F4,delta_1_4Hz,4,10.925748614121678,0.30382756021939183
S_11,F4,theta_4_8Hz,4,2.645980716347109,0.09090494464827562
S_11,F4,alpha_8_13Hz,4,0.9545696977967607,0.04485972038668673
S_11,F4,beta_13_30Hz,4,9.402865061042649,0.24368742103193722
S_11,F8,delta_1_4Hz,4,26.27234327966887,0.3911819445891924
S_11,F8,theta_4_8Hz,4,5.21306766524583,0.08592953568913737
S_11,F8,alpha_8_13Hz,4,1.2738499620453978,0.0247122043243553
S_11,F8,beta_13_30Hz,4,13.506427445555586,0.20379235622004643
S_11,Fp2,delta_1_4Hz,4,182.9188994372045,0.444945553570964
S_11,Fp2,theta_4_8Hz,4,44.276243924282525,0.09715878307546566
S_11,Fp2,alpha_8_13Hz,4,4.397210103643729,0.021893011912606383
S_11,Fp2,beta_13_30Hz,4,10.505839715105145,0.11860317244261886
S_12,Fp1,delta_1_4Hz,3,11.814143427900028,0.34892475360086256
S_12,Fp1,theta_4_8Hz,3,3.575887838306603,0.09546980317686184
S_12,Fp1,alpha_8_13Hz,3,1.8072385111072564,0.050486519958426714
S_12,Fp1,beta_13_30Hz,3,7.129395135705579,0.18985999280827393
S_12,F3,delta_1_4Hz,3,6.103266537989985,0.27109980496546887
S_12,F3,theta_4_8Hz,3,1.4436612974845486,0.06507684066935783
S_12,F3,alpha_8_13Hz,3,1.0592971483358629,0.044157929416937684
S_12,F3,beta_13_30Hz,3,13.961019766360415,0.42390467890776046
S_12,F7,delta_1_4Hz,3,13.901808972373807,0.3147458305975593
S_12,F7,theta_4_8Hz,3,2.3661692860460453,0.06346240535124172
S_12,F7,alpha_8_13Hz,3,1.5538197683029855,0.038800531717926294
S_12,F7,beta_13_30Hz,3,13.205712350891616,0.3444081881215523
S_12,FT9,delta_1_4Hz,3,6.198696604276685,0.26331671661911144
S_12,FT9,theta_4_8Hz,3,1.885617701702234,0.07910837941360933
S_12,FT9,alpha_8_13Hz,3,0.7794007263594399,0.032488130177460994
S_12,FT9,beta_13_30Hz,3,7.700814974580326,0.3231609264054473
S_12,FC5,delta_1_4Hz,3,5.403189986525584,0.27121749568399234
S_12,FC5,theta_4_8Hz,3,1.2131677903043978,0.07284681521819657
S_12,FC5,alpha_8_13Hz,3,0.40461814794118645,0.023086480823708663
S_12,FC5,beta_13_30Hz,3,7.12791505166047,0.4114882953165049
S_12,FC1,delta_1_4Hz,3,3.767003481649698,0.24002907545015661
S_12,FC1,theta_4_8Hz,3,1.0928914263241347,0.07531264987021279
S_12,FC1,alpha_8_13Hz,3,0.5937236990980586,0.03718316495988157
S_12,FC1,beta_13_30Hz,3,5.466149741117107,0.4161482912912298
S_12,C3,delta_1_4Hz,3,4.902464482579361,0.3056908061528583
S_12,C3,theta_4_8Hz,3,1.0209076202030178,0.08341866566546204
S_12,C3,alpha_8_13Hz,3,0.35793374565244873,0.0271719956083684
S_12,C3,beta_13_30Hz,3,3.606760459622617,0.31248982775137324
S_12,T7,delta_1_4Hz,3,2.691058606757403,0.10113011183552438
S_12,T7,theta_4_8Hz,3,0.7789213430831379,0.028536078095106207
S_12,T7,alpha_8_13Hz,3,0.4453634642671811,0.016699533343419167
S_12,T7,beta_13_30Hz,3,15.481000482474789,0.5772847230278159
S_12,TP9,delta_1_4Hz,3,1.8736483840507732,0.1147127054329821
S_12,TP9,theta_4_8Hz,3,1.2764538644935,0.06431713645297132
S_12,TP9,alpha_8_13Hz,3,0.8280420176206701,0.04893716796985286
S_12,TP9,beta_13_30Hz,3,7.980667806332656,0.4451193686876887
S_12,CP5,delta_1_4Hz,3,2.9912968299575766,0.18689148274106512
S_12,CP5,theta_4_8Hz,3,1.6441432163271585,0.11014639660495164
S_12,CP5,alpha_8_13Hz,3,1.103860553583268,0.09014546958389802
S_12,CP5,beta_13_30Hz,3,3.437461210832108,0.23608393743504275
S_12,CP1,delta_1_4Hz,3,4.894739641350434,0.2930268830483746
S_12,CP1,theta_4_8Hz,3,1.6060421252663895,0.09644761356494118
S_12,CP1,alpha_8_13Hz,3,1.0444126279018167,0.06676858470339646
S_12,CP1,beta_13_30Hz,3,2.626467981203849,0.18083820554780614
S_12,Pz,delta_1_4Hz,3,4.244449713285746,0.2783339344905353
S_12,Pz,theta_4_8Hz,3,1.604011590009094,0.10761829477100315
S_12,Pz,alpha_8_13Hz,3,1.0524979120961122,0.06722321460255136
S_12,Pz,beta_13_30Hz,3,2.7441937823324296,0.18417122798331442
S_12,P3,delta_1_4Hz,3,7.454849449693126,0.3026655367642806
S_12,P3,theta_4_8Hz,3,1.4038736239228629,0.06903340258406616
S_12,P3,alpha_8_13Hz,3,0.9327139839286042,0.04382560984852174
S_12,P3,beta_13_30Hz,3,5.693216525507388,0.2784993616532785
S_12,P7,delta_1_4Hz,3,1.9216779706381502,0.11572070563333153
S_12,P7,theta_4_8Hz,3,1.7793368763818533,0.10589330350393451
S_12,P7,alpha_8_13Hz,3,1.238040607190036,0.0705263938889042
S_12,P7,beta_13_30Hz,3,5.718329290754472,0.35295135549109863
S_12,O1,delta_1_4Hz,3,1.4955750397983099,0.060559854602162476
S_12,O1,theta_4_8Hz,3,2.1859172675339664,0.09331206610025722
S_12,O1,alpha_8_13Hz,3,2.2151681016131954,0.0857156991901175
S_12,O1,beta_13_30Hz,3,7.568136834634561,0.3318103139663906
S_12,Oz,delta_1_4Hz,3,1.4891016303820588,0.06453393522539631
S_12,Oz,theta_4_8Hz,3,2.2231119708005753,0.09844042382010239
S_12,Oz,alpha_8_13Hz,3,1.18800428155194,0.05070589524053478
S_12,Oz,beta_13_30Hz,3,8.72478447646942,0.38221015007185805
S_12,O2,delta_1_4Hz,3,4.187789982425274,0.08742101597348462
S_12,O2,theta_4_8Hz,3,4.097885935176471,0.08643043599826937
S_12,O2,alpha_8_13Hz,3,2.2155491908503686,0.04636383516911913
S_12,O2,beta_13_30Hz,3,16.836927287963753,0.35402658880595744
S_12,P4,delta_1_4Hz,3,1.247406086598191,0.10706705171566734
S_12,P4,theta_4_8Hz,3,1.2737344454939965,0.1081711395991714
S_12,P4,alpha_8_13Hz,3,0.9123342936872533,0.08396654563882866
S_12,P4,beta_13_30Hz,3,3.7291995970601457,0.35026278351588597
S_12,P8,delta_1_4Hz,3,3.724754783535282,0.1579942287226398
S_12,P8,theta_4_8Hz,3,2.1304076859410195,0.09494288954924616
S_12,P8,alpha_8_13Hz,3,1.7883521502127613,0.07923047777322414
S_12,P8,beta_13_30Hz,3,6.783471784424602,0.2997768874453104
S_12,TP10,delta_1_4Hz,3,6.0005891287661,0.12990985203569586
S_12,TP10,theta_4_8Hz,3,1.4153077547257449,0.03443646341190199
S_12,TP10,alpha_8_13Hz,3,1.2030882592708168,0.029851509852982596
S_12,TP10,beta_13_30Hz,3,17.541621694076525,0.4902397337062907
S_12,CP6,delta_1_4Hz,3,5.614139522354936,0.27125414169760337
S_12,CP6,theta_4_8Hz,3,1.2432627389545847,0.06808511545339142
S_12,CP6,alpha_8_13Hz,3,1.3037366293957855,0.07112550147431224
S_12,CP6,beta_13_30Hz,3,4.6364801769238495,0.25498375225381026
S_12,CP2,delta_1_4Hz,3,1.1600893831679078,0.10395188097656159
S_12,CP2,theta_4_8Hz,3,2.0161024637828833,0.1510825583341916
S_12,CP2,alpha_8_13Hz,3,1.0356964457548063,0.08003752653228301
S_12,CP2,beta_13_30Hz,3,3.219163492345059,0.3050539200440136
S_12,Cz,delta_1_4Hz,3,2.9658348498542195,0.25194544672679947
S_12,Cz,theta_4_8Hz,3,2.255994928986968,0.17028657189121596
S_12,Cz,alpha_8_13Hz,3,0.49924733752651795,0.03696718494456754
S_12,Cz,beta_13_30Hz,3,2.2471497328943846,0.17944675883538944
S_12,C4,delta_1_4Hz,3,5.6149741150244115,0.26241903509564607
S_12,C4,theta_4_8Hz,3,1.8824971586770258,0.08985591292456878
S_12,C4,alpha_8_13Hz,3,0.7083519673004182,0.033382833387501885
S_12,C4,beta_13_30Hz,3,6.821139950357604,0.31875394428835674
S_12,T8,delta_1_4Hz,3,7.557703158477247,0.1549110721575811
S_12,T8,theta_4_8Hz,3,1.896784220584051,0.05181405488960982
S_12,T8,alpha_8_13Hz,3,0.6392209967015224,0.021332322852993763
S_12,T8,beta_13_30Hz,3,14.459199549482841,0.4226157542712812
S_12,FT10,delta_1_4Hz,3,16.503442381810732,0.3678025462689179
S_12,FT10,theta_4_8Hz,3,2.6015279883101985,0.061503547609376784
S_12,FT10,alpha_8_13Hz,3,1.0796182946330555,0.02955807906744461
S_12,FT10,beta_13_30Hz,3,10.216659845664037,0.28707845965795986
S_12,FC6,delta_1_4Hz,3,6.81434289403052,0.2211790300677575
S_12,FC6,theta_4_8Hz,3,2.288664626309802,0.08078606882863765
S_12,FC6,alpha_8_13Hz,3,1.0916866143001929,0.03546264389128096
S_12,FC6,beta_13_30Hz,3,9.908567816397902,0.3642680460845726
S_12,FC2,delta_1_4Hz,3,1.470677062239467,0.12108209211998378
S_12,FC2,theta_4_8Hz,3,1.0913263050447153,0.092072948371134
S_12,FC2,alpha_8_13Hz,3,0.8042137649262096,0.0667815318166393
S_12,FC2,beta_13_30Hz,3,5.275949075072591,0.43018687340384326
S_12,F4,delta_1_4Hz,3,3.5430175380935496,0.1449394562112433
S_12,F4,theta_4_8Hz,3,1.367885737452918,0.055927373814086856
S_12,F4,alpha_8_13Hz,3,0.8707361287968363,0.03550834667971805
S_12,F4,beta_13_30Hz,3,13.861522111955482,0.5641355179647829
S_12,F8,delta_1_4Hz,3,26.972671932234093,0.3521677825278209
S_12,F8,theta_4_8Hz,3,3.640070564647459,0.04715357023265632
S_12,F8,alpha_8_13Hz,3,1.5124604147386271,0.02259186884717168
S_12,F8,beta_13_30Hz,3,25.55183788395586,0.37870974883830666
S_12,Fp2,delta_1_4Hz,3,6.756635363915367,0.2848377441704729
S_12,Fp2,theta_4_8Hz,3,1.0736219702240968,0.04709391173238653
S_12,Fp2,alpha_8_13Hz,3,1.1442431288463648,0.04756977829787179
S_12,Fp2,beta_13_30Hz,3,9.045568038616153,0.38048252586696124
S_13,Fp1,delta_1_4Hz,3,89.71768626592714,0.3729813800162601
S_13,Fp1,theta_4_8Hz,3,21.87157565083503,0.0973300926450093
S_13,Fp1,alpha_8_13Hz,3,1.8801023023531767,0.020902776434979415
S_13,Fp1,beta_13_30Hz,3,3.7844516961890133,0.13503261320055351
S_13,F3,delta_1_4Hz,3,7.118755922459219,0.31972179784558247
S_13,F3,theta_4_8Hz,3,2.153408557195222,0.09395458591326579
S_13,F3,alpha_8_13Hz,3,0.5598515919041601,0.029044124100464547
S_13,F3,beta_13_30Hz,3,4.734271556119483,0.24749053870567514
S_13,F7,delta_1_4Hz,3,11.48619373724092,0.36291438571674145
S_13,F7,theta_4_8Hz,3,2.063630190706665,0.06006466463783385
S_13,F7,alpha_8_13Hz,3,0.8685021576393445,0.02867150120428565
S_13,F7,beta_13_30Hz,3,7.190459340931597,0.24328508521751635
S_13,FT9,delta_1_4Hz,3,3.5527704324300036,0.21333354426351103
S_13,FT9,theta_4_8Hz,3,1.3640155989384448,0.0855941220531367
S_13,FT9,alpha_8_13Hz,3,0.8650578393713013,0.06807827138631121
S_13,FT9,beta_13_30Hz,3,4.237410636957649,0.31466711728623653
S_13,FC5,delta_1_4Hz,3,2.599780722657983,0.2529969329238392
S_13,FC5,theta_4_8Hz,3,0.6353576428654594,0.06060700879557781
S_13,FC5,alpha_8_13Hz,3,0.24179755601717232,0.02329003335939749
S_13,FC5,beta_13_30Hz,3,4.042315855768396,0.4151857763739805
S_13,FC1,delta_1_4Hz,3,2.666457934949527,0.2673444246300607
S_13,FC1,theta_4_8Hz,3,1.048845277109966,0.09490280191010009
S_13,FC1,alpha_8_13Hz,3,0.5541438511379472,0.050370463609057066
S_13,FC1,beta_13_30Hz,3,3.1404384690575498,0.2985640665660962
S_13,C3,delta_1_4Hz,3,2.209124283607131,0.24771399958789395
S_13,C3,theta_4_8Hz,3,0.8013107247168143,0.10190971010997533
S_13,C3,alpha_8_13Hz,3,0.300375711243307,0.04044429973304585
S_13,C3,beta_13_30Hz,3,2.3534205113786757,0.3015092167694941
S_13,T7,delta_1_4Hz,3,2.611982436721876,0.1321981106024889
S_13,T7,theta_4_8Hz,3,1.017107941545408,0.04500434239460143
S_13,T7,alpha_8_13Hz,3,0.6306584619159054,0.028163244574626035
S_13,T7,beta_13_30Hz,3,9.48435772858338,0.43436332560776236
S_13,TP9,delta_1_4Hz,3,5.282654566751315,0.16135635015247793
S_13,TP9,theta_4_8Hz,3,1.580281010474042,0.04675810483918371
S_13,TP9,alpha_8_13Hz,3,0.7920754838822094,0.02583831998288867
S_13,TP9,beta_13_30Hz,3,10.463040645291873,0.42241195558364764
S_13,CP5,delta_1_4Hz,3,4.609651210371716,0.1787417918941893
S_13,CP5,theta_4_8Hz,3,1.9677962418163562,0.06902844962131921
S_13,CP5,alpha_8_13Hz,3,0.8787812452606407,0.05697982448734673
S_13,CP5,beta_13_30Hz,3,4.2228657046604,0.3709581876829235
S_13,CP1,delta_1_4Hz,3,5.072432222344966,0.295016498917615
S_13,CP1,theta_4_8Hz,3,1.491304041510139,0.13624783815938205
S_13,CP1,alpha_8_13Hz,3,0.9980083364717719,0.06503622062162293
S_13,CP1,beta_13_30Hz,3,1.8631328653370345,0.1471516887648697
S_13,Pz,delta_1_4Hz,3,6.778635657422296,0.28043799038249123
S_13,Pz,theta_4_8Hz,3,2.0438756276342436,0.12039248453786167
S_13,Pz,alpha_8_13Hz,3,1.4446266666308472,0.07425580370484068
S_13,Pz,beta_13_30Hz,3,2.937154684562161,0.14855672429470698
S_13,P3,delta_1_4Hz,3,15.124946149061453,0.45336741093422045
S_13,P3,theta_4_8Hz,3,2.6737460663244006,0.0824821986813387
S_13,P3,alpha_8_13Hz,3,0.8960781131964066,0.027467707331531605
S_13,P3,beta_13_30Hz,3,3.951654898379257,0.11876049557187361
S_13,P7,delta_1_4Hz,3,3.661899244552298,0.2307985750489633
S_13,P7,theta_4_8Hz,3,1.359970046998866,0.09233702567380421
S_13,P7,alpha_8_13Hz,3,0.6717277701826708,0.04670973836027389
S_13,P7,beta_13_30Hz,3,3.737987419255642,0.2658080487431647
S_13,O1,delta_1_4Hz,3,7.455729678665054,0.1409089551055361
S_13,O1,theta_4_8Hz,3,3.357110008708179,0.07944406920701541
S_13,O1,alpha_8_13Hz,3,2.732835345456354,0.07061099687827228
S_13,O1,beta_13_30Hz,3,13.214871667411266,0.3407488765262756
S_13,Oz,delta_1_4Hz,3,7.309181625568666,0.19786285030775144
S_13,Oz,theta_4_8Hz,3,3.046957157768216,0.10792417087374077
S_13,Oz,alpha_8_13Hz,3,0.7666658409642199,0.02887609873399365
S_13,Oz,beta_13_30Hz,3,5.5018875358405746,0.2529474075198673
S_13,O2,delta_1_4Hz,3,8.414541909523932,0.1673381465763898
S_13,O2,theta_4_8Hz,3,4.768821556291816,0.10730246837847478
S_13,O2,alpha_8_13Hz,3,1.0057713601067586,0.02384363302607252
S_13,O2,beta_13_30Hz,3,10.335977635427716,0.2653176351762626
S_13,P4,delta_1_4Hz,3,2.5583669961078206,0.25007963986601855
S_13,P4,theta_4_8Hz,3,0.5943258514530081,0.061228702396905484
S_13,P4,alpha_8_13Hz,3,0.8459537045525561,0.10756903059854366
S_13,P4,beta_13_30Hz,3,1.6229724247671042,0.2082034131522835
S_13,P8,delta_1_4Hz,3,6.315209554386024,0.28664723792316754
S_13,P8,theta_4_8Hz,3,1.8041100847622245,0.08901841431079127
S_13,P8,alpha_8_13Hz,3,0.9818366891819277,0.06457315315095973
S_13,P8,beta_13_30Hz,3,3.968628915600461,0.19700650110987006
S_13,TP10,delta_1_4Hz,3,6.100550386323461,0.12381756147031033
S_13,TP10,theta_4_8Hz,3,2.0863723156639296,0.04439515423020307
S_13,TP10,alpha_8_13Hz,3,2.3328310562391534,0.04885495639179466
S_13,TP10,beta_13_30Hz,3,18.8030445812865,0.37852647755688534
S_13,CP6,delta_1_4Hz,3,3.5711941677809977,0.2591493092336357
S_13,CP6,theta_4_8Hz,3,1.3006025574330689,0.09153848739511083
S_13,CP6,alpha_8_13Hz,3,0.8336515674909969,0.06440639686314399
S_13,CP6,beta_13_30Hz,3,3.111184264123001,0.23986389901049512
S_13,CP2,delta_1_4Hz,3,4.144836046949612,0.2942743907609189
S_13,CP2,theta_4_8Hz,3,0.4819572289150105,0.039724753126795465
S_13,CP2,alpha_8_13Hz,3,1.2150399380014476,0.10700975391353353
S_13,CP2,beta_13_30Hz,3,2.5625249851045164,0.23526375549829193
S_13,Cz,delta_1_4Hz,3,4.190540929620618,0.32918113638792496
S_13,Cz,theta_4_8Hz,3,0.8845878947853856,0.08892530963841999
S_13,Cz,alpha_8_13Hz,3,0.7511747065069814,0.06694527895323955
S_13,Cz,beta_13_30Hz,3,2.014387031657311,0.18551313179510756
S_13,C4,delta_1_4Hz,3,2.374427531000282,0.16981010184408762
S_13,C4,theta_4_8Hz,3,1.099592966545062,0.08103799968734572
S_13,C4,alpha_8_13Hz,3,0.5641141513378393,0.04185036814943424
S_13,C4,beta_13_30Hz,3,5.244075536341564,0.3727956305502976
S_13,T8,delta_1_4Hz,3,3.5385072348125934,0.10861459757989876
S_13,T8,theta_4_8Hz,3,2.338434248506119,0.07029706346065517
S_13,T8,alpha_8_13Hz,3,0.5656237314145567,0.016321005474948937
S_13,T8,beta_13_30Hz,3,14.152724523791186,0.46205477599399053
S_13,FT10,delta_1_4Hz,3,4.584162307402854,0.21843003965510088
S_13,FT10,theta_4_8Hz,3,2.2058610072007165,0.1109142929677575
S_13,FT10,alpha_8_13Hz,3,0.9720800212034133,0.0445188677987946
S_13,FT10,beta_13_30Hz,3,6.067563889500665,0.30247358999971635
S_13,FC6,delta_1_4Hz,3,3.374298820733213,0.23690446460168346
S_13,FC6,theta_4_8Hz,3,0.6208746389656474,0.04576474461713032
S_13,FC6,alpha_8_13Hz,3,0.3753891366637967,0.02902066894017079
S_13,FC6,beta_13_30Hz,3,5.685665068871488,0.43484711489019845
S_13,FC2,delta_1_4Hz,3,2.4225002037901566,0.2868242359729789
S_13,FC2,theta_4_8Hz,3,0.4525752533210284,0.05116804384147374
S_13,FC2,alpha_8_13Hz,3,0.21970122596526936,0.025574478699400317
S_13,FC2,beta_13_30Hz,3,3.1806863296861265,0.36910981791488123
S_13,F4,delta_1_4Hz,3,6.509883179690366,0.29999802180566776
S_13,F4,theta_4_8Hz,3,1.1197224689550866,0.05141324595003153
S_13,F4,alpha_8_13Hz,3,0.4081944003619447,0.022168095650302682
S_13,F4,beta_13_30Hz,3,6.747174890517782,0.35239133708650067
S_13,F8,delta_1_4Hz,3,10.47767887832649,0.29051160320937924
S_13,F8,theta_4_8Hz,3,1.8947820167934863,0.06498038781590801
S_13,F8,alpha_8_13Hz,3,1.1723766446723975,0.03584373724354442
S_13,F8,beta_13_30Hz,3,8.679091832739887,0.3254453006226246
S_13,Fp2,delta_1_4Hz,3,112.36451436716845,0.3526032800599288
S_13,Fp2,theta_4_8Hz,3,27.72157607268145,0.07767685387296826
S_13,Fp2,alpha_8_13Hz,3,3.798981310824411,0.020652319890369194
S_13,Fp2,beta_13_30Hz,3,4.8748315801787365,0.20424015161468786
S_14,Fp1,delta_1_4Hz,4,13.988350140506066,0.40712295084126215
S_14,Fp1,theta_4_8Hz,4,1.2770872966026998,0.04645983253172198
S_14,Fp1,alpha_8_13Hz,4,1.217987478092902,0.04024844375901115
S_14,Fp1,beta_13_30Hz,4,7.190094459002682,0.2821899441300003
S_14,F3,delta_1_4Hz,4,6.816253698786858,0.23175311364321707
S_14,F3,theta_4_8Hz,4,0.970165062341316,0.04319765704551592
S_14,F3,alpha_8_13Hz,4,0.8767535625518947,0.04110373053087968
S_14,F3,beta_13_30Hz,4,9.269731146535136,0.48778891084999076
S_14,F7,delta_1_4Hz,4,8.19159907126268,0.23893684921278438
S_14,F7,theta_4_8Hz,4,1.8847973839742662,0.06085825693044543
S_14,F7,alpha_8_13Hz,4,1.179188956785659,0.03855409733625043
S_14,F7,beta_13_30Hz,4,12.790901478118522,0.4216736579630944
S_14,FT9,delta_1_4Hz,4,5.421969315699934,0.2222774375062205
S_14,FT9,theta_4_8Hz,4,1.289242741713097,0.051940742629409266
S_14,FT9,alpha_8_13Hz,4,0.9976072506520661,0.04009470826795415
S_14,FT9,beta_13_30Hz,4,9.86674075747464,0.3972005958566963
S_14,FC5,delta_1_4Hz,4,3.5315978045525287,0.2029390138929081
S_14,FC5,theta_4_8Hz,4,1.0764892820811058,0.07095994977571951
S_14,FC5,alpha_8_13Hz,4,0.7635441686018919,0.048566393265843714
S_14,FC5,beta_13_30Hz,4,6.666061895609196,0.4136612025334633
S_14,FC1,delta_1_4Hz,4,5.459388147424116,0.22506323111485801
S_14,FC1,theta_4_8Hz,4,1.1289389357284858,0.06688061232701112
S_14,FC1,alpha_8_13Hz,4,1.0281090262258579,0.05090345075969571
S_14,FC1,beta_13_30Hz,4,7.33243592889916,0.4166900406540551
S_14,C3,delta_1_4Hz,4,2.8974573012876097,0.1892977472562919
S_14,C3,theta_4_8Hz,4,1.4784747643827945,0.12060677520455051
S_14,C3,alpha_8_13Hz,4,0.7092704487378638,0.0535854529236816
S_14,C3,beta_13_30Hz,4,4.165553253452435,0.3105886673591044
S_14,T7,delta_1_4Hz,4,2.113437670468751,0.07216209912263538
S_14,T7,theta_4_8Hz,4,0.6441614826614007,0.022906807300762593
S_14,T7,alpha_8_13Hz,4,0.9575294083106791,0.0351767471857205
S_14,T7,beta_13_30Hz,4,17.995877899704592,0.5700396001102486
S_14,TP9,delta_1_4Hz,4,2.302375805239301,0.10393036679279911
S_14,TP9,theta_4_8Hz,4,1.4081124341871916,0.07455348667359656
S_14,TP9,alpha_8_13Hz,4,0.958005574131115,0.05141051870686361
S_14,TP9,beta_13_30Hz,4,8.812684231310596,0.42148554568138746
S_14,CP5,delta_1_4Hz,4,2.9589013783196054,0.1610993685060598
S_14,CP5,theta_4_8Hz,4,1.4212782371671966,0.08144847046840618
S_14,CP5,alpha_8_13Hz,4,0.9148722302175522,0.04564215341621206
S_14,CP5,beta_13_30Hz,4,7.801316651974122,0.40012804946346947
S_14,CP1,delta_1_4Hz,4,2.2902678414413637,0.15180042487087514
S_14,CP1,theta_4_8Hz,4,2.3731105947887356,0.1662093107997194
S_14,CP1,alpha_8_13Hz,4,0.5752084871606273,0.039190674524941405
S_14,CP1,beta_13_30Hz,4,4.857386176225386,0.3015779060777572
S_14,Pz,delta_1_4Hz,4,2.076131169910851,0.18147756559099532
S_14,Pz,theta_4_8Hz,4,1.2747259118401608,0.11290718978418143
S_14,Pz,alpha_8_13Hz,4,0.957839687544182,0.07955918230449975
S_14,Pz,beta_13_30Hz,4,3.1374127386238264,0.26471832807326917
S_14,P3,delta_1_4Hz,4,4.599053669717839,0.19483807678572745
S_14,P3,theta_4_8Hz,4,2.1168534262293,0.08992234625249695
S_14,P3,alpha_8_13Hz,4,1.4056949441376008,0.07109627088242809
S_14,P3,beta_13_30Hz,4,8.213414095112203,0.35911459667814916
S_14,P7,delta_1_4Hz,4,3.372953847686456,0.14496820710616232
S_14,P7,theta_4_8Hz,4,2.0021803394350237,0.09199571258814071
S_14,P7,alpha_8_13Hz,4,1.629662147613497,0.07338131998104538
S_14,P7,beta_13_30Hz,4,6.346317111826627,0.31305329089986633
S_14,O1,delta_1_4Hz,4,3.837641084717906,0.11102802957912641
S_14,O1,theta_4_8Hz,4,4.214217766052874,0.1194417108276672
S_14,O1,alpha_8_13Hz,4,2.3903370033386406,0.057630981043546026
S_14,O1,beta_13_30Hz,4,9.500126919673923,0.2833828603028304
S_14,Oz,delta_1_4Hz,4,4.933536147718119,0.1255873839725341
S_14,Oz,theta_4_8Hz,4,5.905378307204177,0.14109665459576654
S_14,Oz,alpha_8_13Hz,4,3.2052305473988465,0.07759625390180351
S_14,Oz,beta_13_30Hz,4,8.774667567273335,0.2427618165155946
S_14,O2,delta_1_4Hz,4,10.204240167036431,0.1360040459240089
S_14,O2,theta_4_8Hz,4,8.164074764129994,0.10706493050611204
S_14,O2,alpha_8_13Hz,4,5.5899052444449415,0.08256994518512938
S_14,O2,beta_13_30Hz,4,18.682953801928125,0.25969106884987386
S_14,P4,delta_1_4Hz,4,2.7905228025408717,0.1985390330640848
S_14,P4,theta_4_8Hz,4,0.9217735991681434,0.07359966694093467
S_14,P4,alpha_8_13Hz,4,1.2522068581175214,0.10900786983156026
S_14,P4,beta_13_30Hz,4,3.9163852608339926,0.28775565915368906
S_14,P8,delta_1_4Hz,4,6.900821541746146,0.24663500009392691
S_14,P8,theta_4_8Hz,4,1.7309799549611438,0.07096368621480047
S_14,P8,alpha_8_13Hz,4,1.7102823436216874,0.07044723984938486
S_14,P8,beta_13_30Hz,4,6.930894542108362,0.2854591473564999
S_14,TP10,delta_1_4Hz,4,5.361809254985641,0.10626352683050033
S_14,TP10,theta_4_8Hz,4,2.3071782016277123,0.04789517425707167
S_14,TP10,alpha_8_13Hz,4,1.7156116677803586,0.036919598388250985
S_14,TP10,beta_13_30Hz,4,22.432479527988793,0.4790761486383987
S_14,CP6,delta_1_4Hz,4,4.209393159205361,0.1956252589769
S_14,CP6,theta_4_8Hz,4,1.8990043519308573,0.08974807259169269
S_14,CP6,alpha_8_13Hz,4,1.3456441398362982,0.06739201191318937
S_14,CP6,beta_13_30Hz,4,6.799156286248207,0.34961540349283327
S_14,CP2,delta_1_4Hz,4,1.6810556681990798,0.1622262964368759
S_14,CP2,theta_4_8Hz,4,0.9123723918343647,0.10166840953971074
S_14,CP2,alpha_8_13Hz,4,0.7634130721996649,0.08153119488737676
S_14,CP2,beta_13_30Hz,4,3.015737814503329,0.31037385945233764
S_14,Cz,delta_1_4Hz,4,3.9459796296779275,0.24867548139701395
S_14,Cz,theta_4_8Hz,4,1.1253830025796596,0.09009717400998729
S_14,Cz,alpha_8_13Hz,4,0.4506989540944972,0.03358765751261707
S_14,Cz,beta_13_30Hz,4,4.830760073366351,0.32363420366717105
S_14,C4,delta_1_4Hz,4,1.7250378757549183,0.11967328564878188
S_14,C4,theta_4_8Hz,4,1.9299027239003865,0.13176849621809947
S_14,C4,alpha_8_13Hz,4,0.902396888539621,0.06570579620198164
S_14,C4,beta_13_30Hz,4,4.2854975763711955,0.3097096232714296
S_14,T8,delta_1_4Hz,4,3.5819018352406817,0.09521777486746236
S_14,T8,theta_4_8Hz,4,1.4922020683700077,0.040609330036405496
S_14,T8,alpha_8_13Hz,4,1.6158000419958742,0.04266870623775938
S_14,T8,beta_13_30Hz,4,18.893057759121273,0.48684739880127637
S_14,FT10,delta_1_4Hz,4,6.070429226681674,0.21183581145933264
S_14,FT10,theta_4_8Hz,4,2.173879343757632,0.08777278478628359
S_14,FT10,alpha_8_13Hz,4,0.9584574715522913,0.0367301893607833
S_14,FT10,beta_13_30Hz,4,7.774280228959592,0.3254814184164715
S_14,FC6,delta_1_4Hz,4,1.8434994963788371,0.12041522879814343
S_14,FC6,theta_4_8Hz,4,1.7861627855057896,0.10162942544915488
S_14,FC6,alpha_8_13Hz,4,1.0537809665465236,0.05702986779970317
S_14,FC6,beta_13_30Hz,4,7.248135610078265,0.39351421015717436
S_14,FC2,delta_1_4Hz,4,3.663348860797742,0.23930557157861393
S_14,FC2,theta_4_8Hz,4,0.9536593750644432,0.0728680250508093
S_14,FC2,alpha_8_13Hz,4,0.7537247712345919,0.05281614136386373
S_14,FC2,beta_13_30Hz,4,5.490517607041074,0.34347616218153276
S_14,F4,delta_1_4Hz,4,3.786698556007494,0.18002225986431147
S_14,F4,theta_4_8Hz,4,1.8018302432159494,0.09424179426170642
S_14,F4,alpha_8_13Hz,4,0.8974209545648741,0.05019218332938853
S_14,F4,beta_13_30Hz,4,9.288981723185536,0.39526935579568057
S_14,F8,delta_1_4Hz,4,5.209799706612908,0.200165145911868
S_14,F8,theta_4_8Hz,4,2.7713130899965774,0.10683446725714535
S_14,F8,alpha_8_13Hz,4,0.7437681195207453,0.026973800169819654
S_14,F8,beta_13_30Hz,4,10.565136544631008,0.3763822211311186
S_14,Fp2,delta_1_4Hz,4,5.583750356969461,0.27623591887427656
S_14,Fp2,theta_4_8Hz,4,1.3293838567442262,0.05982465520820041
S_14,Fp2,alpha_8_13Hz,4,0.8797589219790104,0.039915905719314915
S_14,Fp2,beta_13_30Hz,4,8.941429553540432,0.4024184374722803
S_15,Fp1,delta_1_4Hz,3,65.3572677879883,0.4296423867154826
S_15,Fp1,theta_4_8Hz,3,13.699915747764331,0.07071892482966864
S_15,Fp1,alpha_8_13Hz,3,1.9115820258724003,0.013245815563145122
S_15,Fp1,beta_13_30Hz,3,7.394425736010112,0.2237796355211161
S_15,F3,delta_1_4Hz,3,4.05496448087552,0.22429664319477358
S_15,F3,theta_4_8Hz,3,2.2711419141908893,0.11998022099814254
S_15,F3,alpha_8_13Hz,3,0.7052127746288038,0.04638163515305299
S_15,F3,beta_13_30Hz,3,4.961476938726333,0.3357908276967787
S_15,F7,delta_1_4Hz,3,9.260840625740366,0.3423283935891354
S_15,F7,theta_4_8Hz,3,1.9969756093452342,0.06306388904894816
S_15,F7,alpha_8_13Hz,3,1.4926749787311022,0.0535031473795344
S_15,F7,beta_13_30Hz,3,7.238624644513989,0.26290060790745445
S_15,FT9,delta_1_4Hz,3,4.281926416249059,0.24691850926462525
S_15,FT9,theta_4_8Hz,3,1.12764843155556,0.0541974342331461
S_15,FT9,alpha_8_13Hz,3,1.1075297094433783,0.05131742094044736
S_15,FT9,beta_13_30Hz,3,8.509767790309247,0.3702993199083375
S_15,FC5,delta_1_4Hz,3,1.1172172628449621,0.09687505665338203
S_15,FC5,theta_4_8Hz,3,1.543421972058828,0.12470404188805927
S_15,FC5,alpha_8_13Hz,3,0.7732179138830463,0.0759416522355602
S_15,FC5,beta_13_30Hz,3,5.137498310783944,0.3649633002879567
S_15,FC1,delta_1_4Hz,3,1.337736334175875,0.10114156556960097
S_15,FC1,theta_4_8Hz,3,1.7625105842005722,0.14137901904632455
S_15,FC1,alpha_8_13Hz,3,0.4569109023544114,0.04374062979286514
S_15,FC1,beta_13_30Hz,3,5.494350672670647,0.42477303032887853
S_15,C3,delta_1_4Hz,3,1.588027271107007,0.1649493589454949
S_15,C3,theta_4_8Hz,3,1.7589074802632774,0.12396413025939161
S_15,C3,alpha_8_13Hz,3,0.6394508428304562,0.06119732955770237
S_15,C3,beta_13_30Hz,3,4.08057319726159,0.3132803538553642
S_15,T7,delta_1_4Hz,3,2.262229022786809,0.09771678028903757
S_15,T7,theta_4_8Hz,3,1.0552928367998609,0.0450584264670919
S_15,T7,alpha_8_13Hz,3,0.9683678263629347,0.039589642284122525
S_15,T7,beta_13_30Hz,3,10.599157597971747,0.44090706032279253
S_15,TP9,delta_1_4Hz,3,3.4865597355322424,0.13254293275336546
S_15,TP9,theta_4_8Hz,3,2.072738559776166,0.08457695898074706
S_15,TP9,alpha_8_13Hz,3,0.9358693485128396,0.033708829647514586
S_15,TP9,beta_13_30Hz,3,11.77779134312528,0.4445348178962229
S_15,CP5,delta_1_4Hz,3,6.006601438113154,0.25284054015593527
S_15,CP5,theta_4_8Hz,3,2.7732305404932753,0.11532948229408452
S_15,CP5,alpha_8_13Hz,3,1.14113118006415,0.04865066108260893
S_15,CP5,beta_13_30Hz,3,5.698722027339365,0.2443230005650124
S_15,CP1,delta_1_4Hz,3,3.7186723584040213,0.23318228614706568
S_15,CP1,theta_4_8Hz,3,2.6631261147940006,0.14281112373071286
S_15,CP1,alpha_8_13Hz,3,1.129458228351163,0.05725106223908355
S_15,CP1,beta_13_30Hz,3,3.9594397329953903,0.19851728521410003
S_15,Pz,delta_1_4Hz,3,6.126676243741556,0.2673325771642365
S_15,Pz,theta_4_8Hz,3,2.978747854070767,0.13577577731082066
S_15,Pz,alpha_8_13Hz,3,0.8917875510076327,0.04418320511429822
S_15,Pz,beta_13_30Hz,3,4.239176871421755,0.2013929920397465
S_15,P3,delta_1_4Hz,3,6.140669152034024,0.24859309061190582
S_15,P3,theta_4_8Hz,3,3.2683291563157684,0.12058674556973814
S_15,P3,alpha_8_13Hz,3,2.0601002211698063,0.06891522028822385
S_15,P3,beta_13_30Hz,3,6.628353029211321,0.22210168370824748
S_15,P7,delta_1_4Hz,3,5.346629139737386,0.19358675656585056
S_15,P7,theta_4_8Hz,3,3.14919580294896,0.11083032900555785
S_15,P7,alpha_8_13Hz,3,2.0810370197258394,0.08824026163902933
S_15,P7,beta_13_30Hz,3,6.029577309567822,0.2336813709394557
S_15,O1,delta_1_4Hz,3,4.405770216885806,0.10589740338514146
S_15,O1,theta_4_8Hz,3,4.162744600171302,0.10387080799710824
S_15,O1,alpha_8_13Hz,3,1.8135049215313452,0.061564628925747766
S_15,O1,beta_13_30Hz,3,10.464181967163391,0.3246148338656326
S_15,Oz,delta_1_4Hz,3,4.401170069537958,0.11814461319470615
S_15,Oz,theta_4_8Hz,3,3.8137931127788103,0.09730605308852762
S_15,Oz,alpha_8_13Hz,3,1.5264008680648815,0.05186484473261491
S_15,Oz,beta_13_30Hz,3,7.989048715929978,0.35034192011924103
S_15,O2,delta_1_4Hz,3,6.5480446047382435,0.12551935764813005
S_15,O2,theta_4_8Hz,3,3.790734318670109,0.07502809969511945
S_15,O2,alpha_8_13Hz,3,2.112614321532611,0.043495339068000904
S_15,O2,beta_13_30Hz,3,16.631981131939757,0.36430431946785075
S_15,P4,delta_1_4Hz,3,3.939214980510022,0.2427516858239236
S_15,P4,theta_4_8Hz,3,1.3572155136703175,0.10930163925959303
S_15,P4,alpha_8_13Hz,3,0.6137899397286857,0.04268169617466284
S_15,P4,beta_13_30Hz,3,3.763129689641248,0.31690890203461647
S_15,P8,delta_1_4Hz,3,5.912914282352752,0.213707213950341
S_15,P8,theta_4_8Hz,3,2.4924725931093694,0.10250088260007473
S_15,P8,alpha_8_13Hz,3,1.1131226689019107,0.04571592475801884
S_15,P8,beta_13_30Hz,3,5.879046487800486,0.28376772826297264
S_15,TP10,delta_1_4Hz,3,3.363819093643367,0.07932144280345141
S_15,TP10,theta_4_8Hz,3,2.1940892274540627,0.05345152426270633
S_15,TP10,alpha_8_13Hz,3,1.3731350959868294,0.03167712520961067
S_15,TP10,beta_13_30Hz,3,19.64509182767152,0.45898401037839237
S_15,CP6,delta_1_4Hz,3,2.1717980927319624,0.12583140613779722
S_15,CP6,theta_4_8Hz,3,2.2712172646758058,0.1407189759843037
S_15,CP6,alpha_8_13Hz,3,1.6087066289010967,0.0977214864607856
S_15,CP6,beta_13_30Hz,3,3.7843832496669427,0.23992706816357937
S_15,CP2,delta_1_4Hz,3,3.531547989115673,0.21235264782877092
S_15,CP2,theta_4_8Hz,3,2.132070026843012,0.14510902274076906
S_15,CP2,alpha_8_13Hz,3,0.7045304147758846,0.04151154483972599
S_15,CP2,beta_13_30Hz,3,4.801568546821284,0.26682500504130036
S_15,Cz,delta_1_4Hz,3,2.2131183781477306,0.18482428601182768
S_15,Cz,theta_4_8Hz,3,1.64584966672926,0.1461670348799459
S_15,Cz,alpha_8_13Hz,3,0.3308246156114272,0.030668862802929627
S_15,Cz,beta_13_30Hz,3,3.6846777915287716,0.2895621442651929
S_15,C4,delta_1_4Hz,3,2.6100707799780816,0.15236730144875266
S_15,C4,theta_4_8Hz,3,1.6736876459226897,0.10185331884703137
S_15,C4,alpha_8_13Hz,3,0.7174392144415801,0.04417221038811734
S_15,C4,beta_13_30Hz,3,6.576325294234947,0.3957341572713802
S_15,T8,delta_1_4Hz,3,5.66420640481545,0.17181381607579585
S_15,T8,theta_4_8Hz,3,2.0659423356479616,0.0638065302320775
S_15,T8,alpha_8_13Hz,3,1.150948007555576,0.03549276533053882
S_15,T8,beta_13_30Hz,3,11.956038005502146,0.3750986033284383
S_15,FT10,delta_1_4Hz,3,3.4169702751839344,0.14150557906284303
S_15,FT10,theta_4_8Hz,3,1.8627240189530272,0.07798688048950268
S_15,FT10,alpha_8_13Hz,3,1.296021341398772,0.04407670108052781
S_15,FT10,beta_13_30Hz,3,14.039997866633305,0.47802805757214184
S_15,FC6,delta_1_4Hz,3,2.058323472874385,0.11885753636006118
S_15,FC6,theta_4_8Hz,3,1.1076300977096398,0.061350228561904745
S_15,FC6,alpha_8_13Hz,3,0.6942730696229311,0.042473142242995386
S_15,FC6,beta_13_30Hz,3,9.630349275537421,0.5291849640877208
S_15,FC2,delta_1_4Hz,3,1.5113673781028083,0.11771933378797421
S_15,FC2,theta_4_8Hz,3,1.1282056354047303,0.10072853997586491
S_15,FC2,alpha_8_13Hz,3,0.5251207834974299,0.036541944856537556
S_15,FC2,beta_13_30Hz,3,6.605425249224445,0.4749272741792036
S_15,F4,delta_1_4Hz,3,4.666303077021434,0.16075691250029564
S_15,F4,theta_4_8Hz,3,1.8472515859691119,0.05987073182214392
S_15,F4,alpha_8_13Hz,3,1.3962048860689777,0.05384277822357967
S_15,F4,beta_13_30Hz,3,12.924928463317686,0.4863512111520821
S_15,F8,delta_1_4Hz,3,11.087763426678746,0.23515597773260233
S_15,F8,theta_4_8Hz,3,3.4287958136504177,0.07820369109142476
S_15,F8,alpha_8_13Hz,3,2.0145500605496136,0.042780737336390505
S_15,F8,beta_13_30Hz,3,21.08863620321208,0.383232779018686
S_15,Fp2,delta_1_4Hz,3,87.71686012471504,0.21064194471018025
S_15,Fp2,theta_4_8Hz,3,20.55626652133099,0.07449195486637471
S_15,Fp2,alpha_8_13Hz,3,2.9625092085299536,0.0344729889492023
S_15,Fp2,beta_13_30Hz,3,14.56261967602689,0.41886164844216567
