source_file,segment,condition,time_s,rri_ms,artifact,artifact_reason,interpolated,corrected_nni_ms
0727 chen_try.vhdr,task,task,1.131,825.0,False,,False,825.0
0727 chen_try.vhdr,task,task,1.956,825.0,False,,False,825.0
0727 chen_try.vhdr,task,task,2.726,770.0,False,,False,770.0
0727 chen_try.vhdr,task,task,3.445,719.0,False,,False,719.0
0727 chen_try.vhdr,task,task,4.195,750.0,False,,False,750.0
0727 chen_try.vhdr,task,task,4.994,799.0,False,,False,799.0
0727 chen_try.vhdr,task,task,5.817,823.0,False,,False,823.0
0727 chen_try.vhdr,task,task,6.673,856.0,False,,False,856.0
0727 chen_try.vhdr,task,task,7.45,777.0,False,,False,777.0
0727 chen_try.vhdr,task,task,8.176,726.0,False,,False,726.0
0727 chen_try.vhdr,task,task,8.957,781.0,False,,False,781.0
0727 chen_try.vhdr,task,task,9.708,751.0,False,,False,751.0
0727 chen_try.vhdr,task,task,10.441,733.0,False,,False,733.0
0727 chen_try.vhdr,task,task,11.131,690.0,False,,False,690.0
0727 chen_try.vhdr,task,task,11.79,659.0,False,,False,659.0
0727 chen_try.vhdr,task,task,12.474,684.0,False,,False,684.0
0727 chen_try.vhdr,task,task,13.178,704.0,False,,False,704.0
0727 chen_try.vhdr,task,task,13.888,710.0,False,,False,710.0
0727 chen_try.vhdr,task,task,14.585,697.0,False,,False,697.0
0727 chen_try.vhdr,task,task,15.302,717.0,False,,False,717.0
0727 chen_try.vhdr,task,task,16.034,732.0,False,,False,732.0
0727 chen_try.vhdr,task,task,16.777,743.0,False,,False,743.0
0727 chen_try.vhdr,task,task,17.507,730.0,False,,False,730.0
0727 chen_try.vhdr,task,task,18.259,752.0,False,,False,752.0
0727 chen_try.vhdr,task,task,19.009,750.0,False,,False,750.0
0727 chen_try.vhdr,task,task,19.735,726.0,False,,False,726.0
0727 chen_try.vhdr,task,task,20.467,732.0,False,,False,732.0
0727 chen_try.vhdr,task,task,21.248,781.0,False,,False,781.0
0727 chen_try.vhdr,task,task,22.12,872.0,False,,False,872.0
0727 chen_try.vhdr,task,task,22.983,863.0,False,,False,863.0
0727 chen_try.vhdr,task,task,23.789,806.0,False,,False,806.0
0727 chen_try.vhdr,task,task,24.596,807.0,False,,False,807.0
0727 chen_try.vhdr,task,task,25.406,810.0,False,,False,810.0
0727 chen_try.vhdr,task,task,26.219,813.0,False,,False,813.0
0727 chen_try.vhdr,task,task,26.962,743.0,False,,False,743.0
0727 chen_try.vhdr,task,task,27.73,768.0,False,,False,768.0
0727 chen_try.vhdr,task,task,28.502,772.0,False,,False,772.0
0727 chen_try.vhdr,task,task,29.312,810.0,False,,False,810.0
0727 chen_try.vhdr,task,task,30.119,807.0,False,,False,807.0
0727 chen_try.vhdr,task,task,30.871,752.0,False,,False,752.0
0727 chen_try.vhdr,task,task,31.657,786.0,False,,False,786.0
0727 chen_try.vhdr,task,task,32.444,787.0,False,,False,787.0
0727 chen_try.vhdr,task,task,33.256,812.0,False,,False,812.0
0727 chen_try.vhdr,task,task,33.993,737.0,False,,False,737.0
0727 chen_try.vhdr,task,task,34.773,780.0,False,,False,780.0
0727 chen_try.vhdr,task,task,35.564,791.0,False,,False,791.0
0727 chen_try.vhdr,task,task,36.354,790.0,False,,False,790.0
0727 chen_try.vhdr,task,task,37.089,735.0,False,,False,735.0
0727 chen_try.vhdr,task,task,37.848,759.0,False,,False,759.0
0727 chen_try.vhdr,task,task,38.625,777.0,False,,False,777.0
0727 chen_try.vhdr,task,task,39.462,837.0,False,,False,837.0
0727 chen_try.vhdr,task,task,40.229,767.0,False,,False,767.0
0727 chen_try.vhdr,task,task,41.004,775.0,False,,False,775.0
0727 chen_try.vhdr,task,task,41.793,789.0,False,,False,789.0
0727 chen_try.vhdr,task,task,42.593,800.0,False,,False,800.0
0727 chen_try.vhdr,task,task,43.33,737.0,False,,False,737.0
0727 chen_try.vhdr,task,task,44.12,790.0,False,,False,790.0
0727 chen_try.vhdr,task,task,44.938,818.0,False,,False,818.0
0727 chen_try.vhdr,task,task,45.761,823.0,False,,False,823.0
0727 chen_try.vhdr,task,task,46.541,780.0,False,,False,780.0
0727 chen_try.vhdr,task,task,47.38,839.0,False,,False,839.0
0727 chen_try.vhdr,task,task,48.252,872.0,False,,False,872.0
0727 chen_try.vhdr,task,task,49.037,785.0,False,,False,785.0
0727 chen_try.vhdr,task,task,49.825,788.0,False,,False,788.0
0727 chen_try.vhdr,task,task,50.629,804.0,False,,False,804.0
0727 chen_try.vhdr,task,task,51.457,828.0,False,,False,828.0
0727 chen_try.vhdr,task,task,52.217,760.0,False,,False,760.0
0727 chen_try.vhdr,task,task,53.02,803.0,False,,False,803.0
0727 chen_try.vhdr,task,task,53.826,806.0,False,,False,806.0
0727 chen_try.vhdr,task,task,54.642,816.0,False,,False,816.0
0727 chen_try.vhdr,task,task,55.389,747.0,False,,False,747.0
0727 chen_try.vhdr,task,task,56.186,797.0,False,,False,797.0
0727 chen_try.vhdr,task,task,57.014,828.0,False,,False,828.0
0727 chen_try.vhdr,task,task,57.883,869.0,False,,False,869.0
0727 chen_try.vhdr,task,task,58.658,775.0,False,,False,775.0
0727 chen_try.vhdr,task,task,59.44,782.0,False,,False,782.0
0727 chen_try.vhdr,task,task,60.234,794.0,False,,False,794.0
0727 chen_try.vhdr,task,task,61.037,803.0,False,,False,803.0
0727 chen_try.vhdr,task,task,61.799,762.0,False,,False,762.0
0727 chen_try.vhdr,task,task,62.587,788.0,False,,False,788.0
0727 chen_try.vhdr,task,task,63.411,824.0,False,,False,824.0
0727 chen_try.vhdr,task,task,64.225,814.0,False,,False,814.0
0727 chen_try.vhdr,task,task,64.979,754.0,False,,False,754.0
0727 chen_try.vhdr,task,task,65.791,812.0,False,,False,812.0
0727 chen_try.vhdr,task,task,66.624,833.0,False,,False,833.0
0727 chen_try.vhdr,task,task,67.395,771.0,False,,False,771.0
0727 chen_try.vhdr,task,task,68.154,759.0,False,,False,759.0
0727 chen_try.vhdr,task,task,68.943,789.0,False,,False,789.0
0727 chen_try.vhdr,task,task,69.763,820.0,False,,False,820.0
0727 chen_try.vhdr,task,task,70.553,790.0,False,,False,790.0
0727 chen_try.vhdr,task,task,71.314,761.0,False,,False,761.0
0727 chen_try.vhdr,task,task,72.076,762.0,False,,False,762.0
0727 chen_try.vhdr,task,task,72.826,750.0,False,,False,750.0
0727 chen_try.vhdr,task,task,73.528,702.0,False,,False,702.0
0727 chen_try.vhdr,task,task,74.271,743.0,False,,False,743.0
0727 chen_try.vhdr,task,task,75.044,773.0,False,,False,773.0
0727 chen_try.vhdr,task,task,75.891,847.0,False,,False,847.0
0727 chen_try.vhdr,task,task,76.682,791.0,False,,False,791.0
0727 chen_try.vhdr,task,task,77.516,834.0,False,,False,834.0
0727 chen_try.vhdr,task,task,78.392,876.0,False,,False,876.0
0727 chen_try.vhdr,task,task,79.215,823.0,False,,False,823.0
0727 chen_try.vhdr,task,task,79.987,772.0,False,,False,772.0
0727 chen_try.vhdr,task,task,80.783,796.0,False,,False,796.0
0727 chen_try.vhdr,task,task,81.589,806.0,False,,False,806.0
0727 chen_try.vhdr,task,task,82.336,747.0,False,,False,747.0
0727 chen_try.vhdr,task,task,83.111,775.0,False,,False,775.0
0727 chen_try.vhdr,task,task,83.891,780.0,False,,False,780.0
0727 chen_try.vhdr,task,task,84.651,760.0,False,,False,760.0
0727 chen_try.vhdr,task,task,85.377,726.0,False,,False,726.0
0727 chen_try.vhdr,task,task,86.152,775.0,False,,False,775.0
0727 chen_try.vhdr,task,task,86.958,806.0,False,,False,806.0
0727 chen_try.vhdr,task,task,87.823,865.0,False,,False,865.0
0727 chen_try.vhdr,task,task,88.587,764.0,False,,False,764.0
0727 chen_try.vhdr,task,task,89.396,809.0,False,,False,809.0
0727 chen_try.vhdr,task,task,90.225,829.0,False,,False,829.0
0727 chen_try.vhdr,task,task,90.998,773.0,False,,False,773.0
0727 chen_try.vhdr,task,task,91.816,818.0,False,,False,818.0
0727 chen_try.vhdr,task,task,92.628,812.0,False,,False,812.0
0727 chen_try.vhdr,task,task,93.376,748.0,False,,False,748.0
0727 chen_try.vhdr,task,task,94.115,739.0,False,,False,739.0
0727 chen_try.vhdr,task,task,94.892,777.0,False,,False,777.0
0727 chen_try.vhdr,task,task,95.715,823.0,False,,False,823.0
0727 chen_try.vhdr,task,task,96.528,813.0,False,,False,813.0
0727 chen_try.vhdr,task,task,97.283,755.0,False,,False,755.0
0727 chen_try.vhdr,task,task,98.092,809.0,False,,False,809.0
0727 chen_try.vhdr,task,task,98.917,825.0,False,,False,825.0
0727 chen_try.vhdr,task,task,99.691,774.0,False,,False,774.0
0727 chen_try.vhdr,task,task,100.46,769.0,False,,False,769.0
0727 chen_try.vhdr,task,task,101.261,801.0,False,,False,801.0
0727 chen_try.vhdr,task,task,102.063,802.0,False,,False,802.0
0727 chen_try.vhdr,task,task,102.823,760.0,False,,False,760.0
0727 chen_try.vhdr,task,task,103.68,857.0,False,,False,857.0
0727 chen_try.vhdr,task,task,104.45,770.0,True,local_change,False,
0727 chen_try.vhdr,task,task,105.87,1420.0,True,global_mad;local_change,False,
0727 chen_try.vhdr,task,task,106.617,747.0,True,local_change,False,
0727 chen_try.vhdr,task,task,107.41,793.0,False,,False,793.0
0727 chen_try.vhdr,task,task,108.241,831.0,False,,False,831.0
0727 chen_try.vhdr,task,task,109.039,798.0,False,,False,798.0
0727 chen_try.vhdr,task,task,109.797,758.0,False,,False,758.0
0727 chen_try.vhdr,task,task,110.554,757.0,False,,False,757.0
0727 chen_try.vhdr,task,task,111.322,768.0,False,,False,768.0
0727 chen_try.vhdr,task,task,112.046,724.0,False,,False,724.0
0727 chen_try.vhdr,task,task,112.797,751.0,False,,False,751.0
0727 chen_try.vhdr,task,task,113.599,802.0,False,,False,802.0
0727 chen_try.vhdr,task,task,114.4,801.0,False,,False,801.0
0727 chen_try.vhdr,task,task,115.176,776.0,False,,False,776.0
0727 chen_try.vhdr,task,task,115.953,777.0,False,,False,777.0
0727 chen_try.vhdr,task,task,116.788,835.0,False,,False,835.0
0727 chen_try.vhdr,task,task,117.677,889.0,False,,False,889.0
0727 chen_try.vhdr,task,task,118.499,822.0,False,,False,822.0
0727 chen_try.vhdr,task,task,119.264,765.0,False,,False,765.0
0727 chen_try.vhdr,task,task,120.081,817.0,True,local_change,False,
0727 chen_try.vhdr,task,task,120.501,420.0,True,global_mad;local_change,False,
0727 chen_try.vhdr,task,task,120.915,414.0,True,global_mad;local_change,False,
0727 chen_try.vhdr,task,task,121.797,882.0,True,local_change,False,
0727 chen_try.vhdr,task,task,122.576,779.0,False,,False,779.0
0727 chen_try.vhdr,task,task,123.369,793.0,False,,False,793.0
0727 chen_try.vhdr,task,task,124.16,791.0,False,,False,791.0
0727 chen_try.vhdr,task,task,124.974,814.0,False,,False,814.0
0727 chen_try.vhdr,task,task,125.736,762.0,False,,False,762.0
0727 chen_try.vhdr,task,task,126.573,837.0,False,,False,837.0
0727 chen_try.vhdr,task,task,127.371,798.0,False,,False,798.0
0727 chen_try.vhdr,task,task,128.155,784.0,False,,False,784.0
0727 chen_try.vhdr,task,task,128.984,829.0,False,,False,829.0
0727 chen_try.vhdr,task,task,129.88,896.0,False,,False,896.0
0727 chen_try.vhdr,task,task,130.788,908.0,False,,False,908.0
0727 chen_try.vhdr,task,task,131.612,824.0,False,,False,824.0
0727 chen_try.vhdr,task,task,132.479,867.0,False,,False,867.0
0727 chen_try.vhdr,task,task,133.367,888.0,False,,False,888.0
0727 chen_try.vhdr,task,task,134.238,871.0,False,,False,871.0
0727 chen_try.vhdr,task,task,135.043,805.0,False,,False,805.0
0727 chen_try.vhdr,task,task,135.869,826.0,False,,False,826.0
0727 chen_try.vhdr,task,task,136.614,745.0,False,,False,745.0
0727 chen_try.vhdr,task,task,137.509,895.0,False,,False,895.0
0727 chen_try.vhdr,task,task,138.33,821.0,False,,False,821.0
0727 chen_try.vhdr,task,task,139.213,883.0,False,,False,883.0
0727 chen_try.vhdr,task,task,140.061,848.0,False,,False,848.0
0727 chen_try.vhdr,task,task,140.82,759.0,False,,False,759.0
0727 chen_try.vhdr,task,task,141.607,787.0,False,,False,787.0
0727 chen_try.vhdr,task,task,142.41,803.0,False,,False,803.0
0727 chen_try.vhdr,task,task,143.261,851.0,False,,False,851.0
0727 chen_try.vhdr,task,task,144.017,756.0,False,,False,756.0
0727 chen_try.vhdr,task,task,144.458,441.0,True,global_mad,False,
0727 chen_try.vhdr,task,task,144.796,338.0,True,global_mad;local_change,False,
0727 chen_try.vhdr,task,task,145.628,832.0,True,local_change,False,
0727 chen_try.vhdr,task,task,146.485,857.0,False,,False,857.0
0727 chen_try.vhdr,task,task,147.276,791.0,False,,False,791.0
0727 chen_try.vhdr,task,task,148.142,866.0,False,,False,866.0
0727 chen_try.vhdr,task,task,148.983,841.0,False,,False,841.0
0727 chen_try.vhdr,task,task,149.806,823.0,False,,False,823.0
0727 chen_try.vhdr,task,task,150.577,771.0,False,,False,771.0
0727 chen_try.vhdr,task,task,151.371,794.0,False,,False,794.0
0727 chen_try.vhdr,task,task,152.188,817.0,False,,False,817.0
0727 chen_try.vhdr,task,task,152.948,760.0,False,,False,760.0
0727 chen_try.vhdr,task,task,153.675,727.0,False,,False,727.0
0727 chen_try.vhdr,task,task,154.42,745.0,False,,False,745.0
0727 chen_try.vhdr,task,task,155.195,775.0,False,,False,775.0
0727 chen_try.vhdr,task,task,155.99,795.0,False,,False,795.0
0727 chen_try.vhdr,task,task,156.745,755.0,False,,False,755.0
0727 chen_try.vhdr,task,task,157.538,793.0,False,,False,793.0
0727 chen_try.vhdr,task,task,158.388,850.0,False,,False,850.0
0727 chen_try.vhdr,task,task,159.251,863.0,False,,False,863.0
0727 chen_try.vhdr,task,task,160.042,791.0,False,,False,791.0
0727 chen_try.vhdr,task,task,160.863,821.0,False,,False,821.0
0727 chen_try.vhdr,task,task,161.674,811.0,False,,False,811.0
0727 chen_try.vhdr,task,task,162.461,787.0,False,,False,787.0
0727 chen_try.vhdr,task,task,163.218,757.0,False,,False,757.0
0727 chen_try.vhdr,task,task,164.036,818.0,False,,False,818.0
0727 chen_try.vhdr,task,task,164.915,879.0,False,,False,879.0
0727 chen_try.vhdr,task,task,165.77,855.0,False,,False,855.0
0727 chen_try.vhdr,task,task,166.55,780.0,False,,False,780.0
0727 chen_try.vhdr,task,task,167.378,828.0,False,,False,828.0
0727 chen_try.vhdr,task,task,168.213,835.0,False,,False,835.0
0727 chen_try.vhdr,task,task,169.04,827.0,False,,False,827.0
0727 chen_try.vhdr,task,task,169.801,761.0,False,,False,761.0
0727 chen_try.vhdr,task,task,170.579,778.0,False,,False,778.0
0727 chen_try.vhdr,task,task,171.373,794.0,False,,False,794.0
0727 chen_try.vhdr,task,task,172.115,742.0,False,,False,742.0
0727 chen_try.vhdr,task,task,172.917,802.0,False,,False,802.0
0727 chen_try.vhdr,task,task,173.763,846.0,False,,False,846.0
0727 chen_try.vhdr,task,task,174.639,876.0,False,,False,876.0
0727 chen_try.vhdr,task,task,175.428,789.0,False,,False,789.0
0727 chen_try.vhdr,task,task,176.271,843.0,False,,False,843.0
0727 chen_try.vhdr,task,task,177.112,841.0,False,,False,841.0
0727 chen_try.vhdr,task,task,177.921,809.0,False,,False,809.0
0727 chen_try.vhdr,task,task,178.67,749.0,False,,False,749.0
0727 chen_try.vhdr,task,task,179.449,779.0,False,,False,779.0
0727 chen_try.vhdr,task,task,180.229,780.0,False,,False,780.0
0727 chen_try.vhdr,task,task,181.008,779.0,False,,False,779.0
0727 chen_try.vhdr,task,task,181.751,743.0,False,,False,743.0
0727 chen_try.vhdr,task,task,182.546,795.0,False,,False,795.0
0727 chen_try.vhdr,task,task,183.382,836.0,False,,False,836.0
0727 chen_try.vhdr,task,task,184.18,798.0,False,,False,798.0
0727 chen_try.vhdr,task,task,185.017,837.0,False,,False,837.0
0727 chen_try.vhdr,task,task,185.901,884.0,False,,False,884.0
0727 chen_try.vhdr,task,task,186.781,880.0,False,,False,880.0
0727 chen_try.vhdr,task,task,187.556,775.0,False,,False,775.0
0727 chen_try.vhdr,task,task,188.359,803.0,False,,False,803.0
0727 chen_try.vhdr,task,task,189.171,812.0,False,,False,812.0
0727 chen_try.vhdr,task,task,189.934,763.0,False,,False,763.0
0727 chen_try.vhdr,task,task,190.734,800.0,False,,False,800.0
0727 chen_try.vhdr,task,task,191.552,818.0,False,,False,818.0
0727 chen_try.vhdr,task,task,192.353,801.0,False,,False,801.0
0727 chen_try.vhdr,task,task,193.112,759.0,False,,False,759.0
0727 chen_try.vhdr,task,task,193.926,814.0,False,,False,814.0
0727 chen_try.vhdr,task,task,194.788,862.0,False,,False,862.0
0727 chen_try.vhdr,task,task,195.637,849.0,False,,False,849.0
0727 chen_try.vhdr,task,task,196.409,772.0,False,,False,772.0
0727 chen_try.vhdr,task,task,197.217,808.0,False,,False,808.0
0727 chen_try.vhdr,task,task,198.039,822.0,False,,False,822.0
0727 chen_try.vhdr,task,task,198.872,833.0,False,,False,833.0
0727 chen_try.vhdr,task,task,199.632,760.0,False,,False,760.0
0727 chen_try.vhdr,task,task,200.42,788.0,False,,False,788.0
0727 chen_try.vhdr,task,task,201.223,803.0,False,,False,803.0
0727 chen_try.vhdr,task,task,202.029,806.0,False,,False,806.0
0727 chen_try.vhdr,task,task,202.799,770.0,False,,False,770.0
0727 chen_try.vhdr,task,task,203.66,861.0,False,,False,861.0
0727 chen_try.vhdr,task,task,204.527,867.0,False,,False,867.0
0727 chen_try.vhdr,task,task,205.341,814.0,False,,False,814.0
0727 chen_try.vhdr,task,task,206.137,796.0,False,,False,796.0
0727 chen_try.vhdr,task,task,206.967,830.0,False,,False,830.0
0727 chen_try.vhdr,task,task,207.857,890.0,False,,False,890.0
0727 chen_try.vhdr,task,task,208.665,808.0,False,,False,808.0
0727 chen_try.vhdr,task,task,209.452,787.0,False,,False,787.0
0727 chen_try.vhdr,task,task,210.255,803.0,False,,False,803.0
0727 chen_try.vhdr,task,task,211.11,855.0,False,,False,855.0
0727 chen_try.vhdr,task,task,211.902,792.0,False,,False,792.0
0727 chen_try.vhdr,task,task,212.713,811.0,False,,False,811.0
0727 chen_try.vhdr,task,task,213.527,814.0,False,,False,814.0
0727 chen_try.vhdr,task,task,214.334,807.0,False,,False,807.0
0727 chen_try.vhdr,task,task,215.087,753.0,False,,False,753.0
0727 chen_try.vhdr,task,task,215.888,801.0,False,,False,801.0
0727 chen_try.vhdr,task,task,216.729,841.0,False,,False,841.0
0727 chen_try.vhdr,task,task,217.557,828.0,False,,False,828.0
0727 chen_try.vhdr,task,task,218.319,762.0,False,,False,762.0
0727 chen_try.vhdr,task,task,219.125,806.0,False,,False,806.0
0727 chen_try.vhdr,task,task,219.927,802.0,False,,False,802.0
0727 chen_try.vhdr,task,task,220.784,857.0,False,,False,857.0
0727 chen_try.vhdr,task,task,221.547,763.0,False,,False,763.0
0727 chen_try.vhdr,task,task,222.338,791.0,False,,False,791.0
0727 chen_try.vhdr,task,task,223.125,787.0,False,,False,787.0
0727 chen_try.vhdr,task,task,223.861,736.0,False,,False,736.0
0727 chen_try.vhdr,task,task,224.64,779.0,False,,False,779.0
0727 chen_try.vhdr,task,task,225.454,814.0,False,,False,814.0
0727 chen_try.vhdr,task,task,226.294,840.0,False,,False,840.0
0727 chen_try.vhdr,task,task,227.061,767.0,False,,False,767.0
0727 chen_try.vhdr,task,task,227.878,817.0,False,,False,817.0
0727 chen_try.vhdr,task,task,228.715,837.0,False,,False,837.0
0727 chen_try.vhdr,task,task,229.566,851.0,False,,False,851.0
0727 chen_try.vhdr,task,task,230.355,789.0,False,,False,789.0
0727 chen_try.vhdr,task,task,231.159,804.0,False,,False,804.0
0727 chen_try.vhdr,task,task,231.958,799.0,False,,False,799.0
0727 chen_try.vhdr,task,task,232.717,759.0,False,,False,759.0
0727 chen_try.vhdr,task,task,233.514,797.0,False,,False,797.0
0727 chen_try.vhdr,task,task,234.333,819.0,False,,False,819.0
0727 chen_try.vhdr,task,task,235.152,819.0,False,,False,819.0
0727 chen_try.vhdr,task,task,235.922,770.0,False,,False,770.0
0727 chen_try.vhdr,task,task,236.709,787.0,False,,False,787.0
0727 chen_try.vhdr,task,task,237.533,824.0,False,,False,824.0
0727 chen_try.vhdr,task,task,238.372,839.0,False,,False,839.0
0727 chen_try.vhdr,task,task,239.143,771.0,False,,False,771.0
0727 chen_try.vhdr,task,task,239.916,773.0,False,,False,773.0
0727 chen_try.vhdr,task,task,240.709,793.0,False,,False,793.0
0727 chen_try.vhdr,task,task,241.518,809.0,False,,False,809.0
0727 chen_try.vhdr,task,task,242.324,806.0,False,,False,806.0
0727 chen_try.vhdr,task,task,243.071,747.0,False,,False,747.0
0727 chen_try.vhdr,task,task,243.798,727.0,False,,False,727.0
0727 chen_try.vhdr,task,task,244.552,754.0,False,,False,754.0
0727 chen_try.vhdr,task,task,245.38,828.0,False,,False,828.0
0727 chen_try.vhdr,task,task,246.31,930.0,False,,False,930.0
0727 chen_try.vhdr,task,task,247.257,947.0,True,global_mad,True,892.0
0727 chen_try.vhdr,task,task,248.111,854.0,False,,False,854.0
0727 chen_try.vhdr,task,task,248.954,843.0,False,,False,843.0
0727 chen_try.vhdr,task,task,249.795,841.0,False,,False,841.0
0727 chen_try.vhdr,task,task,250.624,829.0,False,,False,829.0
0727 chen_try.vhdr,task,task,251.378,754.0,False,,False,754.0
0727 chen_try.vhdr,task,task,252.145,767.0,False,,False,767.0
0727 chen_try.vhdr,task,task,252.953,808.0,False,,False,808.0
0727 chen_try.vhdr,task,task,253.825,872.0,False,,False,872.0
0727 chen_try.vhdr,task,task,254.743,918.0,False,,False,918.0
0727 chen_try.vhdr,task,task,255.587,844.0,False,,False,844.0
0727 chen_try.vhdr,task,task,256.417,830.0,False,,False,830.0
0727 chen_try.vhdr,task,task,257.247,830.0,False,,False,830.0
0727 chen_try.vhdr,task,task,258.036,789.0,False,,False,789.0
0727 chen_try.vhdr,task,task,258.842,806.0,False,,False,806.0
0727 chen_try.vhdr,task,task,259.692,850.0,False,,False,850.0
0727 chen_try.vhdr,task,task,260.609,917.0,False,,False,917.0
0727 chen_try.vhdr,task,task,261.426,817.0,False,,False,817.0
0727 chen_try.vhdr,task,task,262.245,819.0,False,,False,819.0
0727 chen_try.vhdr,task,task,263.141,896.0,False,,False,896.0
0727 chen_try.vhdr,task,task,264.094,953.0,True,global_mad,True,903.0
0727 chen_try.vhdr,task,task,265.004,910.0,False,,False,910.0
0727 chen_try.vhdr,task,task,265.828,824.0,False,,False,824.0
0727 chen_try.vhdr,task,task,266.664,836.0,False,,False,836.0
0727 chen_try.vhdr,task,task,267.493,829.0,False,,False,829.0
0727 chen_try.vhdr,task,task,268.292,799.0,False,,False,799.0
0727 chen_try.vhdr,task,task,269.098,806.0,False,,False,806.0
0727 chen_try.vhdr,task,task,269.931,833.0,False,,False,833.0
0727 chen_try.vhdr,task,task,270.767,836.0,False,,False,836.0
0727 chen_try.vhdr,task,task,271.567,800.0,False,,False,800.0
0727 chen_try.vhdr,task,task,272.395,828.0,False,,False,828.0
0727 chen_try.vhdr,task,task,273.274,879.0,False,,False,879.0
0727 chen_try.vhdr,task,task,274.141,867.0,False,,False,867.0
0727 chen_try.vhdr,task,task,274.923,782.0,False,,False,782.0
0727 chen_try.vhdr,task,task,275.738,815.0,False,,False,815.0
0727 chen_try.vhdr,task,task,276.549,811.0,False,,False,811.0
0727 chen_try.vhdr,task,task,277.389,840.0,False,,False,840.0
0727 chen_try.vhdr,task,task,278.172,783.0,False,,False,783.0
0727 chen_try.vhdr,task,task,278.98,808.0,False,,False,808.0
0727 chen_try.vhdr,task,task,279.807,827.0,False,,False,827.0
0727 chen_try.vhdr,task,task,280.602,795.0,False,,False,795.0
0727 chen_try.vhdr,task,task,281.406,804.0,False,,False,804.0
0727 chen_try.vhdr,task,task,282.276,870.0,False,,False,870.0
0727 chen_try.vhdr,task,task,283.132,856.0,False,,False,856.0
0727 chen_try.vhdr,task,task,283.928,796.0,False,,False,796.0
0727 chen_try.vhdr,task,task,284.699,771.0,False,,False,771.0
0727 chen_try.vhdr,task,task,285.506,807.0,False,,False,807.0
0727 chen_try.vhdr,task,task,286.335,829.0,False,,False,829.0
0727 chen_try.vhdr,task,task,287.131,796.0,False,,False,796.0
0727 chen_try.vhdr,task,task,287.893,762.0,False,,False,762.0
0727 chen_try.vhdr,task,task,288.697,804.0,False,,False,804.0
0727 chen_try.vhdr,task,task,289.492,795.0,False,,False,795.0
0727 chen_try.vhdr,task,task,290.271,779.0,False,,False,779.0
0727 chen_try.vhdr,task,task,291.037,766.0,False,,False,766.0
0727 chen_try.vhdr,task,task,291.828,791.0,False,,False,791.0
0727 chen_try.vhdr,task,task,292.653,825.0,False,,False,825.0
0727 chen_try.vhdr,task,task,293.42,767.0,False,,False,767.0
0727 chen_try.vhdr,task,task,294.202,782.0,False,,False,782.0
0727 chen_try.vhdr,task,task,295.027,825.0,False,,False,825.0
0727 chen_try.vhdr,task,task,295.881,854.0,False,,False,854.0
0727 chen_try.vhdr,task,task,296.678,797.0,False,,False,797.0
0727 chen_try.vhdr,task,task,297.496,818.0,False,,False,818.0
0727 chen_try.vhdr,task,task,298.323,827.0,False,,False,827.0
0727 chen_try.vhdr,task,task,299.166,843.0,False,,False,843.0
0727 chen_try.vhdr,task,task,299.952,786.0,False,,False,786.0
0727 chen_try.vhdr,task,task,300.731,779.0,False,,False,779.0
0727 chen_try.vhdr,task,task,301.531,800.0,False,,False,800.0
0727 chen_try.vhdr,task,task,302.338,807.0,False,,False,807.0
0727 chen_try.vhdr,task,task,303.109,771.0,False,,False,771.0
0727 chen_try.vhdr,task,task,303.905,796.0,False,,False,796.0
0727 chen_try.vhdr,task,task,304.743,838.0,False,,False,838.0
0727 chen_try.vhdr,task,task,305.573,830.0,False,,False,830.0
0727 chen_try.vhdr,task,task,306.379,806.0,False,,False,806.0
0727 chen_try.vhdr,task,task,307.168,789.0,False,,False,789.0
0727 chen_try.vhdr,task,task,308.008,840.0,False,,False,840.0
0727 chen_try.vhdr,task,task,308.873,865.0,False,,False,865.0
0727 chen_try.vhdr,task,task,309.661,788.0,False,,False,788.0
0727 chen_try.vhdr,task,task,310.489,828.0,False,,False,828.0
0727 chen_try.vhdr,task,task,311.358,869.0,False,,False,869.0
0727 chen_try.vhdr,task,task,312.258,900.0,False,,False,900.0
0727 chen_try.vhdr,task,task,313.079,821.0,False,,False,821.0
0727 chen_try.vhdr,task,task,313.85,771.0,False,,False,771.0
0727 chen_try.vhdr,task,task,314.65,800.0,False,,False,800.0
0727 chen_try.vhdr,task,task,315.469,819.0,False,,False,819.0
0727 chen_try.vhdr,task,task,316.28,811.0,False,,False,811.0
0727 chen_try.vhdr,task,task,317.065,785.0,False,,False,785.0
0727 chen_try.vhdr,task,task,317.887,822.0,False,,False,822.0
0727 chen_try.vhdr,task,task,318.712,825.0,False,,False,825.0
0727 chen_try.vhdr,task,task,319.482,770.0,False,,False,770.0
0727 chen_try.vhdr,task,task,320.278,796.0,False,,False,796.0
0727 chen_try.vhdr,task,task,321.089,811.0,False,,False,811.0
0727 chen_try.vhdr,task,task,321.9,811.0,False,,False,811.0
0727 chen_try.vhdr,task,task,322.646,746.0,False,,False,746.0
0727 chen_try.vhdr,task,task,323.359,713.0,False,,False,713.0
0727 chen_try.vhdr,task,task,324.092,733.0,False,,False,733.0
0727 chen_try.vhdr,task,task,324.861,769.0,False,,False,769.0
0727 chen_try.vhdr,task,task,325.705,844.0,False,,False,844.0
0727 chen_try.vhdr,task,task,326.521,816.0,False,,False,816.0
0727 chen_try.vhdr,task,task,327.284,763.0,False,,False,763.0
0727 chen_try.vhdr,task,task,328.108,824.0,False,,False,824.0
0727 chen_try.vhdr,task,task,328.964,856.0,False,,False,856.0
0727 chen_try.vhdr,task,task,329.831,867.0,False,,False,867.0
0727 chen_try.vhdr,task,task,330.622,791.0,False,,False,791.0
0727 chen_try.vhdr,task,task,331.413,791.0,False,,False,791.0
0727 chen_try.vhdr,task,task,332.199,786.0,False,,False,786.0
0727 chen_try.vhdr,task,task,333.003,804.0,False,,False,804.0
0727 chen_try.vhdr,task,task,333.779,776.0,False,,False,776.0
0727 chen_try.vhdr,task,task,334.595,816.0,False,,False,816.0
0727 chen_try.vhdr,task,task,335.415,820.0,False,,False,820.0
0727 chen_try.vhdr,task,task,336.194,779.0,False,,False,779.0
0727 chen_try.vhdr,task,task,336.996,802.0,False,,False,802.0
0727 chen_try.vhdr,task,task,337.833,837.0,False,,False,837.0
0727 chen_try.vhdr,task,task,338.699,866.0,False,,False,866.0
0727 chen_try.vhdr,task,task,339.481,782.0,False,,False,782.0
0727 chen_try.vhdr,task,task,340.251,770.0,False,,False,770.0
0727 chen_try.vhdr,task,task,341.012,761.0,False,,False,761.0
0727 chen_try.vhdr,task,task,341.778,766.0,False,,False,766.0
0727 chen_try.vhdr,task,task,342.524,746.0,False,,False,746.0
0727 chen_try.vhdr,task,task,343.265,741.0,False,,False,741.0
0727 chen_try.vhdr,task,task,344.04,775.0,False,,False,775.0
0727 chen_try.vhdr,task,task,344.842,802.0,False,,False,802.0
0727 chen_try.vhdr,task,task,345.631,789.0,False,,False,789.0
0727 chen_try.vhdr,task,task,346.513,882.0,False,,False,882.0
0727 chen_try.vhdr,task,task,347.409,896.0,False,,False,896.0
0727 chen_try.vhdr,task,task,348.207,798.0,False,,False,798.0
0727 chen_try.vhdr,task,task,348.99,783.0,False,,False,783.0
0727 chen_try.vhdr,task,task,349.736,746.0,False,,False,746.0
0727 chen_try.vhdr,task,task,350.437,701.0,False,,False,701.0
0727 chen_try.vhdr,task,task,351.141,704.0,False,,False,704.0
0727 chen_try.vhdr,task,task,351.882,741.0,False,,False,741.0
0727 chen_try.vhdr,task,task,352.606,724.0,False,,False,724.0
0727 chen_try.vhdr,task,task,353.367,761.0,False,,False,761.0
0727 chen_try.vhdr,task,task,354.16,793.0,False,,False,793.0
0727 chen_try.vhdr,task,task,354.974,814.0,False,,False,814.0
0727 chen_try.vhdr,task,task,355.747,773.0,False,,False,773.0
0727 chen_try.vhdr,task,task,356.533,786.0,False,,False,786.0
0727 chen_try.vhdr,task,task,357.329,796.0,False,,False,796.0
0727 chen_try.vhdr,task,task,358.133,804.0,False,,False,804.0
0727 chen_try.vhdr,task,task,358.873,740.0,False,,False,740.0
0727 chen_try.vhdr,task,task,359.62,747.0,False,,False,747.0
0727 chen_try.vhdr,task,task,360.391,771.0,False,,False,771.0
0727 chen_try.vhdr,task,task,361.213,822.0,False,,False,822.0
0727 chen_try.vhdr,task,task,362.024,811.0,False,,False,811.0
0727 chen_try.vhdr,task,task,362.789,765.0,False,,False,765.0
0727 chen_try.vhdr,task,task,363.591,802.0,False,,False,802.0
0727 chen_try.vhdr,task,task,364.421,830.0,False,,False,830.0
0727 chen_try.vhdr,task,task,365.245,824.0,False,,False,824.0
0727 chen_try.vhdr,task,task,365.988,743.0,False,,False,743.0
0727 chen_try.vhdr,task,task,366.771,783.0,False,,False,783.0
0727 chen_try.vhdr,task,task,367.554,783.0,False,,False,783.0
0727 chen_try.vhdr,task,task,368.366,812.0,False,,False,812.0
0727 chen_try.vhdr,task,task,369.175,809.0,False,,False,809.0
0727 chen_try.vhdr,task,task,369.932,757.0,False,,False,757.0
0727 chen_try.vhdr,task,task,370.736,804.0,False,,False,804.0
0727 chen_try.vhdr,task,task,371.603,867.0,False,,False,867.0
0727 chen_try.vhdr,task,task,372.458,855.0,False,,False,855.0
0727 chen_try.vhdr,task,task,373.244,786.0,False,,False,786.0
0727 chen_try.vhdr,task,task,374.039,795.0,False,,False,795.0
0727 chen_try.vhdr,task,task,374.837,798.0,False,,False,798.0
0727 chen_try.vhdr,task,task,375.668,831.0,False,,False,831.0
0727 chen_try.vhdr,task,task,376.438,770.0,False,,False,770.0
0727 chen_try.vhdr,task,task,377.222,784.0,False,,False,784.0
0727 chen_try.vhdr,task,task,378.027,805.0,False,,False,805.0
0727 chen_try.vhdr,task,task,378.848,821.0,False,,False,821.0
0727 chen_try.vhdr,task,task,379.628,780.0,False,,False,780.0
0727 chen_try.vhdr,task,task,380.451,823.0,False,,False,823.0
0727 chen_try.vhdr,task,task,381.287,836.0,False,,False,836.0
0727 chen_try.vhdr,task,task,382.145,858.0,False,,False,858.0
0727 chen_try.vhdr,task,task,382.925,780.0,False,,False,780.0
0727 chen_try.vhdr,task,task,383.709,784.0,False,,False,784.0
0727 chen_try.vhdr,task,task,384.53,821.0,False,,False,821.0
0727 chen_try.vhdr,task,task,385.395,865.0,False,,False,865.0
0727 chen_try.vhdr,task,task,386.235,840.0,False,,False,840.0
0727 chen_try.vhdr,task,task,386.995,760.0,False,,False,760.0
0727 chen_try.vhdr,task,task,387.803,808.0,False,,False,808.0
0727 chen_try.vhdr,task,task,388.625,822.0,False,,False,822.0
0727 chen_try.vhdr,task,task,389.48,855.0,False,,False,855.0
0727 chen_try.vhdr,task,task,390.288,808.0,False,,False,808.0
0727 chen_try.vhdr,task,task,391.135,847.0,False,,False,847.0
0727 chen_try.vhdr,task,task,391.982,847.0,False,,False,847.0
0727 chen_try.vhdr,task,task,392.786,804.0,False,,False,804.0
0727 chen_try.vhdr,task,task,393.612,826.0,False,,False,826.0
0727 chen_try.vhdr,task,task,394.461,849.0,False,,False,849.0
0727 chen_try.vhdr,task,task,395.292,831.0,False,,False,831.0
0727 chen_try.vhdr,task,task,396.062,770.0,False,,False,770.0
0727 chen_try.vhdr,task,task,396.862,800.0,False,,False,800.0
0727 chen_try.vhdr,task,task,397.667,805.0,False,,False,805.0
0727 chen_try.vhdr,task,task,398.467,800.0,False,,False,800.0
0727 chen_try.vhdr,task,task,399.222,755.0,False,,False,755.0
0727 chen_try.vhdr,task,task,400.007,785.0,False,,False,785.0
0727 chen_try.vhdr,task,task,400.785,778.0,False,,False,778.0
0727 chen_try.vhdr,task,task,401.523,738.0,False,,False,738.0
0727 chen_try.vhdr,task,task,402.234,711.0,False,,False,711.0
0727 chen_try.vhdr,task,task,402.924,690.0,False,,False,690.0
0727 chen_try.vhdr,task,task,403.609,685.0,False,,False,685.0
0727 chen_try.vhdr,task,task,404.289,680.0,False,,False,680.0
0727 chen_try.vhdr,task,task,404.995,706.0,False,,False,706.0
0727 chen_try.vhdr,task,task,405.72,725.0,False,,False,725.0
0727 chen_try.vhdr,task,task,406.456,736.0,False,,False,736.0
0727 chen_try.vhdr,task,task,407.172,716.0,False,,False,716.0
0727 chen_try.vhdr,task,task,407.875,703.0,False,,False,703.0
0727 chen_try.vhdr,task,task,408.599,724.0,False,,False,724.0
0727 chen_try.vhdr,task,task,409.34,741.0,False,,False,741.0
0727 chen_try.vhdr,task,task,410.087,747.0,False,,False,747.0
0727 chen_try.vhdr,task,task,410.816,729.0,False,,False,729.0
0727 chen_try.vhdr,task,task,411.601,785.0,False,,False,785.0
0727 chen_try.vhdr,task,task,412.418,817.0,False,,False,817.0
0727 chen_try.vhdr,task,task,413.29,872.0,False,,False,872.0
0727 chen_try.vhdr,task,task,414.095,805.0,False,,False,805.0
0727 chen_try.vhdr,task,task,414.919,824.0,False,,False,824.0
0727 chen_try.vhdr,task,task,415.772,853.0,False,,False,853.0
0727 chen_try.vhdr,task,task,416.606,834.0,False,,False,834.0
0727 chen_try.vhdr,task,task,417.37,764.0,False,,False,764.0
0727 chen_try.vhdr,task,task,418.164,794.0,False,,False,794.0
0727 chen_try.vhdr,task,task,418.963,799.0,False,,False,799.0
0727 chen_try.vhdr,task,task,419.772,809.0,False,,False,809.0
0727 chen_try.vhdr,task,task,420.54,768.0,False,,False,768.0
0727 chen_try.vhdr,task,task,421.325,785.0,False,,False,785.0
0727 chen_try.vhdr,task,task,422.16,835.0,False,,False,835.0
0727 chen_try.vhdr,task,task,423.036,876.0,True,local_change,False,
0727 chen_try.vhdr,task,task,425.392,2356.0,True,physiological_range;global_mad;local_change,False,
0727 chen_try.vhdr,task,task,426.133,741.0,True,local_change,False,
0727 chen_try.vhdr,task,task,426.864,731.0,False,,False,731.0
0727 chen_try.vhdr,task,task,427.626,762.0,False,,False,762.0
0727 chen_try.vhdr,task,task,428.404,778.0,True,local_change,False,
0727 chen_try.vhdr,task,task,428.813,409.0,True,global_mad;local_change,False,
0727 chen_try.vhdr,task,task,429.228,415.0,True,global_mad,False,
0727 chen_try.vhdr,task,task,429.636,408.0,True,global_mad,False,
0727 chen_try.vhdr,task,task,430.019,383.0,True,global_mad;local_change,False,
0727 chen_try.vhdr,task,task,430.825,806.0,True,local_change,False,
0727 chen_try.vhdr,task,task,431.603,778.0,False,,False,778.0
0727 chen_try.vhdr,task,task,432.386,783.0,False,,False,783.0
0727 chen_try.vhdr,task,task,433.146,760.0,False,,False,760.0
0727 chen_try.vhdr,task,task,433.911,765.0,False,,False,765.0
0727 chen_try.vhdr,task,task,434.684,773.0,False,,False,773.0
0727 chen_try.vhdr,task,task,435.441,757.0,False,,False,757.0
0727 chen_try.vhdr,pre_rest_01_EO,pre_rest_EO,1.976,845.0,False,,False,845.0
0727 chen_try.vhdr,pre_rest_01_EO,pre_rest_EO,2.845,869.0,False,,False,869.0
0727 chen_try.vhdr,pre_rest_01_EO,pre_rest_EO,3.719,874.0,False,,False,874.0
0727 chen_try.vhdr,pre_rest_01_EO,pre_rest_EO,4.565,846.0,False,,False,846.0
0727 chen_try.vhdr,pre_rest_01_EO,pre_rest_EO,5.376,811.0,False,,False,811.0
0727 chen_try.vhdr,pre_rest_01_EO,pre_rest_EO,6.218,842.0,False,,False,842.0
0727 chen_try.vhdr,pre_rest_01_EO,pre_rest_EO,7.079,861.0,False,,False,861.0
0727 chen_try.vhdr,pre_rest_01_EO,pre_rest_EO,7.94,861.0,False,,False,861.0
0727 chen_try.vhdr,pre_rest_01_EO,pre_rest_EO,8.84,900.0,False,,False,900.0
0727 chen_try.vhdr,pre_rest_01_EO,pre_rest_EO,9.707,867.0,False,,False,867.0
0727 chen_try.vhdr,pre_rest_01_EO,pre_rest_EO,10.583,876.0,False,,False,876.0
0727 chen_try.vhdr,pre_rest_01_EO,pre_rest_EO,11.467,884.0,False,,False,884.0
0727 chen_try.vhdr,pre_rest_01_EO,pre_rest_EO,12.35,883.0,False,,False,883.0
0727 chen_try.vhdr,pre_rest_01_EO,pre_rest_EO,13.179,829.0,False,,False,829.0
0727 chen_try.vhdr,pre_rest_01_EO,pre_rest_EO,14.023,844.0,False,,False,844.0
0727 chen_try.vhdr,pre_rest_01_EO,pre_rest_EO,14.879,856.0,False,,False,856.0
0727 chen_try.vhdr,pre_rest_01_EO,pre_rest_EO,15.764,885.0,False,,False,885.0
0727 chen_try.vhdr,pre_rest_01_EO,pre_rest_EO,16.616,852.0,False,,False,852.0
0727 chen_try.vhdr,pre_rest_01_EO,pre_rest_EO,17.46,844.0,False,,False,844.0
0727 chen_try.vhdr,pre_rest_01_EO,pre_rest_EO,18.284,824.0,True,local_change,False,
0727 chen_try.vhdr,pre_rest_01_EO,pre_rest_EO,18.682,398.0,True,global_mad;local_change,False,
0727 chen_try.vhdr,pre_rest_01_EO,pre_rest_EO,19.953,1271.0,True,global_mad;local_change,False,
0727 chen_try.vhdr,pre_rest_01_EO,pre_rest_EO,20.7,747.0,True,local_change,False,
0727 chen_try.vhdr,pre_rest_01_EO,pre_rest_EO,21.473,773.0,False,,False,773.0
0727 chen_try.vhdr,pre_rest_01_EO,pre_rest_EO,22.249,776.0,False,,False,776.0
0727 chen_try.vhdr,pre_rest_01_EO,pre_rest_EO,22.985,736.0,False,,False,736.0
0727 chen_try.vhdr,pre_rest_01_EO,pre_rest_EO,23.762,777.0,False,,False,777.0
0727 chen_try.vhdr,pre_rest_01_EO,pre_rest_EO,24.491,729.0,False,,False,729.0
0727 chen_try.vhdr,pre_rest_01_EO,pre_rest_EO,25.259,768.0,False,,False,768.0
0727 chen_try.vhdr,pre_rest_01_EO,pre_rest_EO,26.034,775.0,False,,False,775.0
0727 chen_try.vhdr,pre_rest_01_EO,pre_rest_EO,26.789,755.0,False,,False,755.0
0727 chen_try.vhdr,pre_rest_01_EO,pre_rest_EO,27.599,810.0,False,,False,810.0
0727 chen_try.vhdr,pre_rest_01_EO,pre_rest_EO,28.456,857.0,False,,False,857.0
0727 chen_try.vhdr,pre_rest_01_EO,pre_rest_EO,29.273,817.0,False,,False,817.0
0727 chen_try.vhdr,pre_rest_01_EO,pre_rest_EO,30.147,874.0,False,,False,874.0
0727 chen_try.vhdr,pre_rest_01_EO,pre_rest_EO,31.061,914.0,False,,False,914.0
0727 chen_try.vhdr,pre_rest_01_EO,pre_rest_EO,31.991,930.0,False,,False,930.0
0727 chen_try.vhdr,pre_rest_01_EO,pre_rest_EO,32.864,873.0,False,,False,873.0
0727 chen_try.vhdr,pre_rest_01_EO,pre_rest_EO,33.715,851.0,False,,False,851.0
0727 chen_try.vhdr,pre_rest_01_EO,pre_rest_EO,34.586,871.0,False,,False,871.0
0727 chen_try.vhdr,pre_rest_01_EO,pre_rest_EO,35.477,891.0,False,,False,891.0
0727 chen_try.vhdr,pre_rest_01_EO,pre_rest_EO,36.362,885.0,False,,False,885.0
0727 chen_try.vhdr,pre_rest_01_EO,pre_rest_EO,37.194,832.0,False,,False,832.0
0727 chen_try.vhdr,pre_rest_01_EO,pre_rest_EO,38.039,845.0,False,,False,845.0
0727 chen_try.vhdr,pre_rest_01_EO,pre_rest_EO,38.897,858.0,False,,False,858.0
0727 chen_try.vhdr,pre_rest_01_EO,pre_rest_EO,39.702,805.0,False,,False,805.0
0727 chen_try.vhdr,pre_rest_01_EO,pre_rest_EO,40.533,831.0,False,,False,831.0
0727 chen_try.vhdr,pre_rest_01_EO,pre_rest_EO,41.367,834.0,False,,False,834.0
0727 chen_try.vhdr,pre_rest_01_EO,pre_rest_EO,42.213,846.0,False,,False,846.0
0727 chen_try.vhdr,pre_rest_01_EO,pre_rest_EO,43.053,840.0,False,,False,840.0
0727 chen_try.vhdr,pre_rest_01_EO,pre_rest_EO,43.842,789.0,False,,False,789.0
0727 chen_try.vhdr,pre_rest_01_EO,pre_rest_EO,44.643,801.0,False,,False,801.0
0727 chen_try.vhdr,pre_rest_01_EO,pre_rest_EO,45.443,800.0,False,,False,800.0
0727 chen_try.vhdr,pre_rest_01_EO,pre_rest_EO,46.195,752.0,False,,False,752.0
0727 chen_try.vhdr,pre_rest_01_EO,pre_rest_EO,46.961,766.0,False,,False,766.0
0727 chen_try.vhdr,pre_rest_01_EO,pre_rest_EO,47.762,801.0,False,,False,801.0
0727 chen_try.vhdr,pre_rest_01_EO,pre_rest_EO,48.61,848.0,False,,False,848.0
0727 chen_try.vhdr,pre_rest_01_EO,pre_rest_EO,49.457,847.0,False,,False,847.0
0727 chen_try.vhdr,pre_rest_01_EO,pre_rest_EO,50.267,810.0,False,,False,810.0
0727 chen_try.vhdr,pre_rest_01_EO,pre_rest_EO,51.133,866.0,False,,False,866.0
0727 chen_try.vhdr,pre_rest_01_EO,pre_rest_EO,52.014,881.0,False,,False,881.0
0727 chen_try.vhdr,pre_rest_01_EO,pre_rest_EO,52.89,876.0,False,,False,876.0
0727 chen_try.vhdr,pre_rest_01_EO,pre_rest_EO,53.692,802.0,False,,False,802.0
0727 chen_try.vhdr,pre_rest_01_EO,pre_rest_EO,54.521,829.0,False,,False,829.0
0727 chen_try.vhdr,pre_rest_01_EO,pre_rest_EO,55.348,827.0,False,,False,827.0
0727 chen_try.vhdr,pre_rest_01_EO,pre_rest_EO,56.146,798.0,False,,False,798.0
0727 chen_try.vhdr,pre_rest_01_EO,pre_rest_EO,56.917,771.0,False,,False,771.0
0727 chen_try.vhdr,pre_rest_01_EO,pre_rest_EO,57.725,808.0,False,,False,808.0
0727 chen_try.vhdr,pre_rest_01_EO,pre_rest_EO,58.564,839.0,False,,False,839.0
0727 chen_try.vhdr,pre_rest_01_EO,pre_rest_EO,59.444,880.0,False,,False,880.0
0727 chen_try.vhdr,pre_rest_01_EO,pre_rest_EO,60.264,820.0,False,,False,820.0
0727 chen_try.vhdr,pre_rest_01_EO,pre_rest_EO,61.093,829.0,False,,False,829.0
0727 chen_try.vhdr,pre_rest_01_EO,pre_rest_EO,61.943,850.0,False,,False,850.0
0727 chen_try.vhdr,pre_rest_01_EO,pre_rest_EO,62.803,860.0,False,,False,860.0
0727 chen_try.vhdr,pre_rest_01_EO,pre_rest_EO,63.595,792.0,False,,False,792.0
0727 chen_try.vhdr,pre_rest_01_EO,pre_rest_EO,64.448,853.0,False,,False,853.0
0727 chen_try.vhdr,pre_rest_01_EO,pre_rest_EO,65.324,876.0,False,,False,876.0
0727 chen_try.vhdr,pre_rest_01_EO,pre_rest_EO,66.175,851.0,False,,False,851.0
0727 chen_try.vhdr,pre_rest_01_EO,pre_rest_EO,66.999,824.0,False,,False,824.0
0727 chen_try.vhdr,pre_rest_01_EO,pre_rest_EO,67.867,868.0,False,,False,868.0
0727 chen_try.vhdr,pre_rest_01_EO,pre_rest_EO,68.755,888.0,False,,False,888.0
0727 chen_try.vhdr,pre_rest_01_EO,pre_rest_EO,69.603,848.0,False,,False,848.0
0727 chen_try.vhdr,pre_rest_01_EO,pre_rest_EO,70.453,850.0,False,,False,850.0
0727 chen_try.vhdr,pre_rest_01_EO,pre_rest_EO,71.307,854.0,False,,False,854.0
0727 chen_try.vhdr,pre_rest_01_EO,pre_rest_EO,72.147,840.0,False,,False,840.0
0727 chen_try.vhdr,pre_rest_01_EO,pre_rest_EO,72.929,782.0,False,,False,782.0
0727 chen_try.vhdr,pre_rest_01_EO,pre_rest_EO,73.733,804.0,False,,False,804.0
0727 chen_try.vhdr,pre_rest_01_EO,pre_rest_EO,74.543,810.0,False,,False,810.0
0727 chen_try.vhdr,pre_rest_01_EO,pre_rest_EO,75.337,794.0,False,,False,794.0
0727 chen_try.vhdr,pre_rest_01_EO,pre_rest_EO,76.144,807.0,False,,False,807.0
0727 chen_try.vhdr,pre_rest_01_EO,pre_rest_EO,76.987,843.0,False,,False,843.0
0727 chen_try.vhdr,pre_rest_01_EO,pre_rest_EO,77.849,862.0,False,,False,862.0
0727 chen_try.vhdr,pre_rest_01_EO,pre_rest_EO,78.676,827.0,False,,False,827.0
0727 chen_try.vhdr,pre_rest_01_EO,pre_rest_EO,79.525,849.0,False,,False,849.0
0727 chen_try.vhdr,pre_rest_01_EO,pre_rest_EO,80.389,864.0,False,,False,864.0
0727 chen_try.vhdr,pre_rest_01_EO,pre_rest_EO,81.223,834.0,False,,False,834.0
0727 chen_try.vhdr,pre_rest_01_EO,pre_rest_EO,82.049,826.0,False,,False,826.0
0727 chen_try.vhdr,pre_rest_01_EO,pre_rest_EO,82.901,852.0,False,,False,852.0
0727 chen_try.vhdr,pre_rest_01_EO,pre_rest_EO,83.776,875.0,False,,False,875.0
0727 chen_try.vhdr,pre_rest_01_EO,pre_rest_EO,84.59,814.0,False,,False,814.0
0727 chen_try.vhdr,pre_rest_01_EO,pre_rest_EO,85.421,831.0,False,,False,831.0
0727 chen_try.vhdr,pre_rest_01_EO,pre_rest_EO,86.274,853.0,False,,False,853.0
0727 chen_try.vhdr,pre_rest_01_EO,pre_rest_EO,87.129,855.0,False,,False,855.0
0727 chen_try.vhdr,pre_rest_01_EO,pre_rest_EO,87.918,789.0,False,,False,789.0
0727 chen_try.vhdr,pre_rest_01_EO,pre_rest_EO,88.687,769.0,False,,False,769.0
0727 chen_try.vhdr,pre_rest_01_EO,pre_rest_EO,89.486,799.0,False,,False,799.0
0727 chen_try.vhdr,pre_rest_01_EO,pre_rest_EO,90.334,848.0,False,,False,848.0
0727 chen_try.vhdr,pre_rest_01_EO,pre_rest_EO,91.19,856.0,False,,False,856.0
0727 chen_try.vhdr,pre_rest_01_EO,pre_rest_EO,91.977,787.0,False,,False,787.0
0727 chen_try.vhdr,pre_rest_01_EO,pre_rest_EO,92.788,811.0,False,,False,811.0
0727 chen_try.vhdr,pre_rest_01_EO,pre_rest_EO,93.606,818.0,False,,False,818.0
0727 chen_try.vhdr,pre_rest_01_EO,pre_rest_EO,94.428,822.0,False,,False,822.0
0727 chen_try.vhdr,pre_rest_01_EO,pre_rest_EO,95.179,751.0,False,,False,751.0
0727 chen_try.vhdr,pre_rest_01_EO,pre_rest_EO,95.973,794.0,False,,False,794.0
0727 chen_try.vhdr,pre_rest_01_EO,pre_rest_EO,96.781,808.0,False,,False,808.0
0727 chen_try.vhdr,pre_rest_01_EO,pre_rest_EO,97.617,836.0,False,,False,836.0
0727 chen_try.vhdr,pre_rest_01_EO,pre_rest_EO,98.378,761.0,False,,False,761.0
0727 chen_try.vhdr,pre_rest_01_EO,pre_rest_EO,99.149,771.0,False,,False,771.0
0727 chen_try.vhdr,pre_rest_01_EO,pre_rest_EO,99.95,801.0,False,,False,801.0
0727 chen_try.vhdr,pre_rest_01_EO,pre_rest_EO,100.775,825.0,False,,False,825.0
0727 chen_try.vhdr,pre_rest_01_EO,pre_rest_EO,101.615,840.0,False,,False,840.0
0727 chen_try.vhdr,pre_rest_01_EO,pre_rest_EO,102.375,760.0,False,,False,760.0
0727 chen_try.vhdr,pre_rest_01_EO,pre_rest_EO,103.069,694.0,False,,False,694.0
0727 chen_try.vhdr,pre_rest_01_EO,pre_rest_EO,103.783,714.0,False,,False,714.0
0727 chen_try.vhdr,pre_rest_01_EO,pre_rest_EO,104.511,728.0,False,,False,728.0
0727 chen_try.vhdr,pre_rest_01_EO,pre_rest_EO,105.253,742.0,False,,False,742.0
0727 chen_try.vhdr,pre_rest_01_EO,pre_rest_EO,106.035,782.0,False,,False,782.0
0727 chen_try.vhdr,pre_rest_01_EO,pre_rest_EO,106.81,775.0,False,,False,775.0
0727 chen_try.vhdr,pre_rest_01_EO,pre_rest_EO,107.555,745.0,False,,False,745.0
0727 chen_try.vhdr,pre_rest_01_EO,pre_rest_EO,108.358,803.0,False,,False,803.0
0727 chen_try.vhdr,pre_rest_01_EO,pre_rest_EO,109.167,809.0,False,,False,809.0
0727 chen_try.vhdr,pre_rest_01_EO,pre_rest_EO,110.025,858.0,False,,False,858.0
0727 chen_try.vhdr,pre_rest_01_EO,pre_rest_EO,110.82,795.0,False,,False,795.0
0727 chen_try.vhdr,pre_rest_01_EO,pre_rest_EO,111.612,792.0,False,,False,792.0
0727 chen_try.vhdr,pre_rest_01_EO,pre_rest_EO,112.389,777.0,False,,False,777.0
0727 chen_try.vhdr,pre_rest_01_EO,pre_rest_EO,113.079,690.0,False,,False,690.0
0727 chen_try.vhdr,pre_rest_01_EO,pre_rest_EO,113.742,663.0,True,global_mad,True,682.5
0727 chen_try.vhdr,pre_rest_01_EO,pre_rest_EO,114.417,675.0,False,,False,675.0
0727 chen_try.vhdr,pre_rest_01_EO,pre_rest_EO,115.102,685.0,False,,False,685.0
0727 chen_try.vhdr,pre_rest_01_EO,pre_rest_EO,115.832,730.0,False,,False,730.0
0727 chen_try.vhdr,pre_rest_01_EO,pre_rest_EO,116.619,787.0,False,,False,787.0
0727 chen_try.vhdr,pre_rest_01_EO,pre_rest_EO,117.453,834.0,False,,False,834.0
0727 chen_try.vhdr,pre_rest_01_EO,pre_rest_EO,118.283,830.0,False,,False,830.0
0727 chen_try.vhdr,pre_rest_01_EO,pre_rest_EO,119.199,916.0,False,,False,916.0
0727 chen_try.vhdr,pre_rest_01_EO,pre_rest_EO,120.103,904.0,False,,False,904.0
0727 chen_try.vhdr,pre_rest_01_EO,pre_rest_EO,120.912,809.0,False,,False,809.0
0727 chen_try.vhdr,pre_rest_01_EO,pre_rest_EO,121.758,846.0,False,,False,846.0
0727 chen_try.vhdr,pre_rest_01_EO,pre_rest_EO,122.629,871.0,False,,False,871.0
0727 chen_try.vhdr,pre_rest_02_EC,pre_rest_EC,1.398,737.0,False,,False,737.0
0727 chen_try.vhdr,pre_rest_02_EC,pre_rest_EC,2.138,740.0,False,,False,740.0
0727 chen_try.vhdr,pre_rest_02_EC,pre_rest_EC,2.905,767.0,False,,False,767.0
0727 chen_try.vhdr,pre_rest_02_EC,pre_rest_EC,3.683,778.0,False,,False,778.0
0727 chen_try.vhdr,pre_rest_02_EC,pre_rest_EC,4.499,816.0,False,,False,816.0
0727 chen_try.vhdr,pre_rest_02_EC,pre_rest_EC,5.285,786.0,False,,False,786.0
0727 chen_try.vhdr,pre_rest_02_EC,pre_rest_EC,6.082,797.0,False,,False,797.0
0727 chen_try.vhdr,pre_rest_02_EC,pre_rest_EC,6.912,830.0,False,,False,830.0
0727 chen_try.vhdr,pre_rest_02_EC,pre_rest_EC,7.744,832.0,False,,False,832.0
0727 chen_try.vhdr,pre_rest_02_EC,pre_rest_EC,8.594,850.0,False,,False,850.0
0727 chen_try.vhdr,pre_rest_02_EC,pre_rest_EC,9.345,751.0,False,,False,751.0
0727 chen_try.vhdr,pre_rest_02_EC,pre_rest_EC,10.072,727.0,False,,False,727.0
0727 chen_try.vhdr,pre_rest_02_EC,pre_rest_EC,10.823,751.0,False,,False,751.0
0727 chen_try.vhdr,pre_rest_02_EC,pre_rest_EC,11.604,781.0,False,,False,781.0
0727 chen_try.vhdr,pre_rest_02_EC,pre_rest_EC,12.429,825.0,False,,False,825.0
0727 chen_try.vhdr,pre_rest_02_EC,pre_rest_EC,13.285,856.0,False,,False,856.0
0727 chen_try.vhdr,pre_rest_02_EC,pre_rest_EC,14.086,801.0,False,,False,801.0
0727 chen_try.vhdr,pre_rest_02_EC,pre_rest_EC,14.902,816.0,False,,False,816.0
0727 chen_try.vhdr,pre_rest_02_EC,pre_rest_EC,15.714,812.0,False,,False,812.0
0727 chen_try.vhdr,pre_rest_02_EC,pre_rest_EC,16.54,826.0,False,,False,826.0
0727 chen_try.vhdr,pre_rest_02_EC,pre_rest_EC,17.371,831.0,False,,False,831.0
0727 chen_try.vhdr,pre_rest_02_EC,pre_rest_EC,18.18,809.0,False,,False,809.0
0727 chen_try.vhdr,pre_rest_02_EC,pre_rest_EC,18.959,779.0,False,,False,779.0
0727 chen_try.vhdr,pre_rest_02_EC,pre_rest_EC,19.769,810.0,False,,False,810.0
0727 chen_try.vhdr,pre_rest_02_EC,pre_rest_EC,20.585,816.0,False,,False,816.0
0727 chen_try.vhdr,pre_rest_02_EC,pre_rest_EC,21.427,842.0,False,,False,842.0
0727 chen_try.vhdr,pre_rest_02_EC,pre_rest_EC,22.186,759.0,False,,False,759.0
0727 chen_try.vhdr,pre_rest_02_EC,pre_rest_EC,22.94,754.0,False,,False,754.0
0727 chen_try.vhdr,pre_rest_02_EC,pre_rest_EC,23.716,776.0,False,,False,776.0
0727 chen_try.vhdr,pre_rest_02_EC,pre_rest_EC,24.524,808.0,False,,False,808.0
0727 chen_try.vhdr,pre_rest_02_EC,pre_rest_EC,25.377,853.0,False,,False,853.0
0727 chen_try.vhdr,pre_rest_02_EC,pre_rest_EC,26.213,836.0,False,,False,836.0
0727 chen_try.vhdr,pre_rest_02_EC,pre_rest_EC,26.982,769.0,False,,False,769.0
0727 chen_try.vhdr,pre_rest_02_EC,pre_rest_EC,27.805,823.0,False,,False,823.0
0727 chen_try.vhdr,pre_rest_02_EC,pre_rest_EC,28.653,848.0,False,,False,848.0
0727 chen_try.vhdr,pre_rest_02_EC,pre_rest_EC,29.512,859.0,False,,False,859.0
0727 chen_try.vhdr,pre_rest_02_EC,pre_rest_EC,30.365,853.0,False,,False,853.0
0727 chen_try.vhdr,pre_rest_02_EC,pre_rest_EC,31.13,765.0,False,,False,765.0
0727 chen_try.vhdr,pre_rest_02_EC,pre_rest_EC,31.921,791.0,False,,False,791.0
0727 chen_try.vhdr,pre_rest_02_EC,pre_rest_EC,32.699,778.0,False,,False,778.0
0727 chen_try.vhdr,pre_rest_02_EC,pre_rest_EC,33.483,784.0,False,,False,784.0
0727 chen_try.vhdr,pre_rest_02_EC,pre_rest_EC,34.308,825.0,False,,False,825.0
0727 chen_try.vhdr,pre_rest_02_EC,pre_rest_EC,35.147,839.0,False,,False,839.0
0727 chen_try.vhdr,pre_rest_02_EC,pre_rest_EC,35.925,778.0,False,,False,778.0
0727 chen_try.vhdr,pre_rest_02_EC,pre_rest_EC,36.684,759.0,False,,False,759.0
0727 chen_try.vhdr,pre_rest_02_EC,pre_rest_EC,37.458,774.0,False,,False,774.0
0727 chen_try.vhdr,pre_rest_02_EC,pre_rest_EC,38.235,777.0,False,,False,777.0
0727 chen_try.vhdr,pre_rest_02_EC,pre_rest_EC,39.017,782.0,False,,False,782.0
0727 chen_try.vhdr,pre_rest_02_EC,pre_rest_EC,39.768,751.0,False,,False,751.0
0727 chen_try.vhdr,pre_rest_02_EC,pre_rest_EC,40.491,723.0,False,,False,723.0
0727 chen_try.vhdr,pre_rest_02_EC,pre_rest_EC,41.26,769.0,False,,False,769.0
0727 chen_try.vhdr,pre_rest_02_EC,pre_rest_EC,42.077,817.0,False,,False,817.0
0727 chen_try.vhdr,pre_rest_02_EC,pre_rest_EC,42.924,847.0,False,,False,847.0
0727 chen_try.vhdr,pre_rest_02_EC,pre_rest_EC,43.765,841.0,False,,False,841.0
0727 chen_try.vhdr,pre_rest_02_EC,pre_rest_EC,44.586,821.0,False,,False,821.0
0727 chen_try.vhdr,pre_rest_02_EC,pre_rest_EC,45.344,758.0,False,,False,758.0
0727 chen_try.vhdr,pre_rest_02_EC,pre_rest_EC,46.089,745.0,False,,False,745.0
0727 chen_try.vhdr,pre_rest_02_EC,pre_rest_EC,46.82,731.0,False,,False,731.0
0727 chen_try.vhdr,pre_rest_02_EC,pre_rest_EC,47.543,723.0,False,,False,723.0
0727 chen_try.vhdr,pre_rest_02_EC,pre_rest_EC,48.295,752.0,False,,False,752.0
0727 chen_try.vhdr,pre_rest_02_EC,pre_rest_EC,49.055,760.0,False,,False,760.0
0727 chen_try.vhdr,pre_rest_02_EC,pre_rest_EC,49.783,728.0,False,,False,728.0
0727 chen_try.vhdr,pre_rest_02_EC,pre_rest_EC,50.468,685.0,False,,False,685.0
0727 chen_try.vhdr,pre_rest_02_EC,pre_rest_EC,51.146,678.0,False,,False,678.0
0727 chen_try.vhdr,pre_rest_02_EC,pre_rest_EC,51.828,682.0,False,,False,682.0
0727 chen_try.vhdr,pre_rest_02_EC,pre_rest_EC,52.554,726.0,False,,False,726.0
0727 chen_try.vhdr,pre_rest_02_EC,pre_rest_EC,53.315,761.0,False,,False,761.0
0727 chen_try.vhdr,pre_rest_02_EC,pre_rest_EC,54.126,811.0,False,,False,811.0
0727 chen_try.vhdr,pre_rest_02_EC,pre_rest_EC,54.917,791.0,False,,False,791.0
0727 chen_try.vhdr,pre_rest_02_EC,pre_rest_EC,55.647,730.0,False,,False,730.0
0727 chen_try.vhdr,pre_rest_02_EC,pre_rest_EC,56.4,753.0,False,,False,753.0
0727 chen_try.vhdr,pre_rest_02_EC,pre_rest_EC,57.151,751.0,False,,False,751.0
0727 chen_try.vhdr,pre_rest_02_EC,pre_rest_EC,57.902,751.0,False,,False,751.0
0727 chen_try.vhdr,pre_rest_02_EC,pre_rest_EC,58.649,747.0,False,,False,747.0
0727 chen_try.vhdr,pre_rest_02_EC,pre_rest_EC,59.35,701.0,False,,False,701.0
0727 chen_try.vhdr,pre_rest_02_EC,pre_rest_EC,60.079,729.0,False,,False,729.0
0727 chen_try.vhdr,pre_rest_02_EC,pre_rest_EC,60.807,728.0,False,,False,728.0
0727 chen_try.vhdr,pre_rest_02_EC,pre_rest_EC,61.565,758.0,False,,False,758.0
0727 chen_try.vhdr,pre_rest_02_EC,pre_rest_EC,62.368,803.0,False,,False,803.0
0727 chen_try.vhdr,pre_rest_02_EC,pre_rest_EC,63.202,834.0,False,,False,834.0
0727 chen_try.vhdr,pre_rest_02_EC,pre_rest_EC,63.972,770.0,False,,False,770.0
0727 chen_try.vhdr,pre_rest_02_EC,pre_rest_EC,64.701,729.0,False,,False,729.0
0727 chen_try.vhdr,pre_rest_02_EC,pre_rest_EC,65.469,768.0,False,,False,768.0
0727 chen_try.vhdr,pre_rest_02_EC,pre_rest_EC,66.255,786.0,False,,False,786.0
0727 chen_try.vhdr,pre_rest_02_EC,pre_rest_EC,67.071,816.0,False,,False,816.0
0727 chen_try.vhdr,pre_rest_02_EC,pre_rest_EC,67.863,792.0,False,,False,792.0
0727 chen_try.vhdr,pre_rest_02_EC,pre_rest_EC,68.622,759.0,False,,False,759.0
0727 chen_try.vhdr,pre_rest_02_EC,pre_rest_EC,69.328,706.0,False,,False,706.0
0727 chen_try.vhdr,pre_rest_02_EC,pre_rest_EC,70.069,741.0,False,,False,741.0
0727 chen_try.vhdr,pre_rest_02_EC,pre_rest_EC,70.816,747.0,False,,False,747.0
0727 chen_try.vhdr,pre_rest_02_EC,pre_rest_EC,71.577,761.0,False,,False,761.0
0727 chen_try.vhdr,pre_rest_02_EC,pre_rest_EC,72.362,785.0,False,,False,785.0
0727 chen_try.vhdr,pre_rest_02_EC,pre_rest_EC,73.096,734.0,False,,False,734.0
0727 chen_try.vhdr,pre_rest_02_EC,pre_rest_EC,73.812,716.0,False,,False,716.0
0727 chen_try.vhdr,pre_rest_02_EC,pre_rest_EC,74.555,743.0,False,,False,743.0
0727 chen_try.vhdr,pre_rest_02_EC,pre_rest_EC,75.323,768.0,False,,False,768.0
0727 chen_try.vhdr,pre_rest_02_EC,pre_rest_EC,76.115,792.0,False,,False,792.0
0727 chen_try.vhdr,pre_rest_02_EC,pre_rest_EC,76.918,803.0,False,,False,803.0
0727 chen_try.vhdr,pre_rest_02_EC,pre_rest_EC,77.692,774.0,False,,False,774.0
0727 chen_try.vhdr,pre_rest_02_EC,pre_rest_EC,78.421,729.0,False,,False,729.0
0727 chen_try.vhdr,pre_rest_02_EC,pre_rest_EC,79.17,749.0,False,,False,749.0
0727 chen_try.vhdr,pre_rest_02_EC,pre_rest_EC,79.907,737.0,False,,False,737.0
0727 chen_try.vhdr,pre_rest_02_EC,pre_rest_EC,80.657,750.0,False,,False,750.0
0727 chen_try.vhdr,pre_rest_02_EC,pre_rest_EC,81.419,762.0,False,,False,762.0
0727 chen_try.vhdr,pre_rest_02_EC,pre_rest_EC,82.166,747.0,False,,False,747.0
0727 chen_try.vhdr,pre_rest_02_EC,pre_rest_EC,82.875,709.0,False,,False,709.0
0727 chen_try.vhdr,pre_rest_02_EC,pre_rest_EC,83.594,719.0,False,,False,719.0
0727 chen_try.vhdr,pre_rest_02_EC,pre_rest_EC,84.309,715.0,False,,False,715.0
0727 chen_try.vhdr,pre_rest_02_EC,pre_rest_EC,85.053,744.0,False,,False,744.0
0727 chen_try.vhdr,pre_rest_02_EC,pre_rest_EC,85.833,780.0,False,,False,780.0
0727 chen_try.vhdr,pre_rest_02_EC,pre_rest_EC,86.572,739.0,False,,False,739.0
0727 chen_try.vhdr,pre_rest_02_EC,pre_rest_EC,87.32,748.0,False,,False,748.0
0727 chen_try.vhdr,pre_rest_02_EC,pre_rest_EC,88.099,779.0,False,,False,779.0
0727 chen_try.vhdr,pre_rest_02_EC,pre_rest_EC,88.913,814.0,False,,False,814.0
0727 chen_try.vhdr,pre_rest_02_EC,pre_rest_EC,89.712,799.0,False,,False,799.0
0727 chen_try.vhdr,pre_rest_02_EC,pre_rest_EC,90.468,756.0,False,,False,756.0
0727 chen_try.vhdr,pre_rest_02_EC,pre_rest_EC,91.248,780.0,False,,False,780.0
0727 chen_try.vhdr,pre_rest_02_EC,pre_rest_EC,92.031,783.0,False,,False,783.0
0727 chen_try.vhdr,pre_rest_02_EC,pre_rest_EC,92.855,824.0,False,,False,824.0
0727 chen_try.vhdr,pre_rest_02_EC,pre_rest_EC,93.654,799.0,False,,False,799.0
0727 chen_try.vhdr,pre_rest_02_EC,pre_rest_EC,94.391,737.0,False,,False,737.0
0727 chen_try.vhdr,pre_rest_02_EC,pre_rest_EC,95.08,689.0,False,,False,689.0
0727 chen_try.vhdr,pre_rest_02_EC,pre_rest_EC,95.765,685.0,False,,False,685.0
0727 chen_try.vhdr,pre_rest_02_EC,pre_rest_EC,96.487,722.0,False,,False,722.0
0727 chen_try.vhdr,pre_rest_02_EC,pre_rest_EC,97.246,759.0,False,,False,759.0
0727 chen_try.vhdr,pre_rest_02_EC,pre_rest_EC,98.065,819.0,False,,False,819.0
0727 chen_try.vhdr,pre_rest_02_EC,pre_rest_EC,98.938,873.0,False,,False,873.0
0727 chen_try.vhdr,pre_rest_02_EC,pre_rest_EC,99.794,856.0,False,,False,856.0
0727 chen_try.vhdr,pre_rest_02_EC,pre_rest_EC,100.563,769.0,False,,False,769.0
0727 chen_try.vhdr,pre_rest_02_EC,pre_rest_EC,101.341,778.0,False,,False,778.0
0727 chen_try.vhdr,pre_rest_02_EC,pre_rest_EC,102.128,787.0,False,,False,787.0
0727 chen_try.vhdr,pre_rest_02_EC,pre_rest_EC,102.931,803.0,False,,False,803.0
0727 chen_try.vhdr,pre_rest_02_EC,pre_rest_EC,103.761,830.0,False,,False,830.0
0727 chen_try.vhdr,pre_rest_02_EC,pre_rest_EC,104.552,791.0,False,,False,791.0
0727 chen_try.vhdr,pre_rest_02_EC,pre_rest_EC,105.368,816.0,False,,False,816.0
0727 chen_try.vhdr,pre_rest_02_EC,pre_rest_EC,106.239,871.0,False,,False,871.0
0727 chen_try.vhdr,pre_rest_02_EC,pre_rest_EC,107.13,891.0,False,,False,891.0
0727 chen_try.vhdr,pre_rest_02_EC,pre_rest_EC,108.031,901.0,False,,False,901.0
0727 chen_try.vhdr,pre_rest_02_EC,pre_rest_EC,108.851,820.0,False,,False,820.0
0727 chen_try.vhdr,pre_rest_02_EC,pre_rest_EC,109.686,835.0,False,,False,835.0
0727 chen_try.vhdr,pre_rest_02_EC,pre_rest_EC,110.521,835.0,False,,False,835.0
0727 chen_try.vhdr,pre_rest_02_EC,pre_rest_EC,111.378,857.0,False,,False,857.0
0727 chen_try.vhdr,pre_rest_02_EC,pre_rest_EC,112.189,811.0,False,,False,811.0
0727 chen_try.vhdr,pre_rest_02_EC,pre_rest_EC,113.004,815.0,False,,False,815.0
0727 chen_try.vhdr,pre_rest_02_EC,pre_rest_EC,113.839,835.0,False,,False,835.0
0727 chen_try.vhdr,pre_rest_02_EC,pre_rest_EC,114.687,848.0,False,,False,848.0
0727 chen_try.vhdr,pre_rest_02_EC,pre_rest_EC,115.565,878.0,False,,False,878.0
0727 chen_try.vhdr,pre_rest_02_EC,pre_rest_EC,116.352,787.0,False,,False,787.0
0727 chen_try.vhdr,pre_rest_02_EC,pre_rest_EC,117.175,823.0,False,,False,823.0
0727 chen_try.vhdr,pre_rest_02_EC,pre_rest_EC,117.988,813.0,False,,False,813.0
0727 chen_try.vhdr,pre_rest_03_EO,pre_rest_EO,1.69,798.0,False,,False,798.0
0727 chen_try.vhdr,pre_rest_03_EO,pre_rest_EO,2.504,814.0,False,,False,814.0
0727 chen_try.vhdr,pre_rest_03_EO,pre_rest_EO,3.369,865.0,False,,False,865.0
0727 chen_try.vhdr,pre_rest_03_EO,pre_rest_EO,4.197,828.0,False,,False,828.0
0727 chen_try.vhdr,pre_rest_03_EO,pre_rest_EO,5.043,846.0,False,,False,846.0
0727 chen_try.vhdr,pre_rest_03_EO,pre_rest_EO,5.9,857.0,False,,False,857.0
0727 chen_try.vhdr,pre_rest_03_EO,pre_rest_EO,6.758,858.0,False,,False,858.0
0727 chen_try.vhdr,pre_rest_03_EO,pre_rest_EO,7.541,783.0,False,,False,783.0
0727 chen_try.vhdr,pre_rest_03_EO,pre_rest_EO,8.374,833.0,False,,False,833.0
0727 chen_try.vhdr,pre_rest_03_EO,pre_rest_EO,9.229,855.0,False,,False,855.0
0727 chen_try.vhdr,pre_rest_03_EO,pre_rest_EO,10.111,882.0,False,,False,882.0
0727 chen_try.vhdr,pre_rest_03_EO,pre_rest_EO,10.939,828.0,False,,False,828.0
0727 chen_try.vhdr,pre_rest_03_EO,pre_rest_EO,11.746,807.0,False,,False,807.0
0727 chen_try.vhdr,pre_rest_03_EO,pre_rest_EO,12.557,811.0,False,,False,811.0
0727 chen_try.vhdr,pre_rest_03_EO,pre_rest_EO,13.382,825.0,False,,False,825.0
0727 chen_try.vhdr,pre_rest_03_EO,pre_rest_EO,14.218,836.0,False,,False,836.0
0727 chen_try.vhdr,pre_rest_03_EO,pre_rest_EO,15.002,784.0,False,,False,784.0
0727 chen_try.vhdr,pre_rest_03_EO,pre_rest_EO,15.799,797.0,False,,False,797.0
0727 chen_try.vhdr,pre_rest_03_EO,pre_rest_EO,16.615,816.0,False,,False,816.0
0727 chen_try.vhdr,pre_rest_03_EO,pre_rest_EO,17.445,830.0,False,,False,830.0
0727 chen_try.vhdr,pre_rest_03_EO,pre_rest_EO,18.322,877.0,False,,False,877.0
0727 chen_try.vhdr,pre_rest_03_EO,pre_rest_EO,19.184,862.0,False,,False,862.0
0727 chen_try.vhdr,pre_rest_03_EO,pre_rest_EO,20.081,897.0,False,,False,897.0
0727 chen_try.vhdr,pre_rest_03_EO,pre_rest_EO,20.996,915.0,False,,False,915.0
0727 chen_try.vhdr,pre_rest_03_EO,pre_rest_EO,21.862,866.0,False,,False,866.0
0727 chen_try.vhdr,pre_rest_03_EO,pre_rest_EO,22.642,780.0,False,,False,780.0
0727 chen_try.vhdr,pre_rest_03_EO,pre_rest_EO,23.436,794.0,False,,False,794.0
0727 chen_try.vhdr,pre_rest_03_EO,pre_rest_EO,24.231,795.0,False,,False,795.0
0727 chen_try.vhdr,pre_rest_03_EO,pre_rest_EO,25.047,816.0,False,,False,816.0
0727 chen_try.vhdr,pre_rest_03_EO,pre_rest_EO,25.859,812.0,False,,False,812.0
0727 chen_try.vhdr,pre_rest_03_EO,pre_rest_EO,26.627,768.0,False,,False,768.0
0727 chen_try.vhdr,pre_rest_03_EO,pre_rest_EO,27.443,816.0,False,,False,816.0
0727 chen_try.vhdr,pre_rest_03_EO,pre_rest_EO,28.285,842.0,False,,False,842.0
0727 chen_try.vhdr,pre_rest_03_EO,pre_rest_EO,29.138,853.0,False,,False,853.0
0727 chen_try.vhdr,pre_rest_03_EO,pre_rest_EO,29.984,846.0,False,,False,846.0
0727 chen_try.vhdr,pre_rest_03_EO,pre_rest_EO,30.78,796.0,False,,False,796.0
0727 chen_try.vhdr,pre_rest_03_EO,pre_rest_EO,31.54,760.0,False,,False,760.0
0727 chen_try.vhdr,pre_rest_03_EO,pre_rest_EO,32.315,775.0,False,,False,775.0
0727 chen_try.vhdr,pre_rest_03_EO,pre_rest_EO,33.085,770.0,False,,False,770.0
0727 chen_try.vhdr,pre_rest_03_EO,pre_rest_EO,33.868,783.0,False,,False,783.0
0727 chen_try.vhdr,pre_rest_03_EO,pre_rest_EO,34.643,775.0,False,,False,775.0
0727 chen_try.vhdr,pre_rest_03_EO,pre_rest_EO,35.397,754.0,False,,False,754.0
0727 chen_try.vhdr,pre_rest_03_EO,pre_rest_EO,36.163,766.0,False,,False,766.0
0727 chen_try.vhdr,pre_rest_03_EO,pre_rest_EO,36.958,795.0,False,,False,795.0
0727 chen_try.vhdr,pre_rest_03_EO,pre_rest_EO,37.771,813.0,False,,False,813.0
0727 chen_try.vhdr,pre_rest_03_EO,pre_rest_EO,38.526,755.0,False,,False,755.0
0727 chen_try.vhdr,pre_rest_03_EO,pre_rest_EO,39.295,769.0,False,,False,769.0
0727 chen_try.vhdr,pre_rest_03_EO,pre_rest_EO,40.08,785.0,False,,False,785.0
0727 chen_try.vhdr,pre_rest_03_EO,pre_rest_EO,40.88,800.0,False,,False,800.0
0727 chen_try.vhdr,pre_rest_03_EO,pre_rest_EO,41.684,804.0,False,,False,804.0
0727 chen_try.vhdr,pre_rest_03_EO,pre_rest_EO,42.46,776.0,False,,False,776.0
0727 chen_try.vhdr,pre_rest_03_EO,pre_rest_EO,43.231,771.0,False,,False,771.0
0727 chen_try.vhdr,pre_rest_03_EO,pre_rest_EO,44.023,792.0,False,,False,792.0
0727 chen_try.vhdr,pre_rest_03_EO,pre_rest_EO,44.776,753.0,False,,False,753.0
0727 chen_try.vhdr,pre_rest_03_EO,pre_rest_EO,45.552,776.0,False,,False,776.0
0727 chen_try.vhdr,pre_rest_03_EO,pre_rest_EO,46.34,788.0,False,,False,788.0
0727 chen_try.vhdr,pre_rest_03_EO,pre_rest_EO,47.147,807.0,False,,False,807.0
0727 chen_try.vhdr,pre_rest_03_EO,pre_rest_EO,47.937,790.0,False,,False,790.0
0727 chen_try.vhdr,pre_rest_03_EO,pre_rest_EO,48.71,773.0,False,,False,773.0
0727 chen_try.vhdr,pre_rest_03_EO,pre_rest_EO,49.516,806.0,False,,False,806.0
0727 chen_try.vhdr,pre_rest_03_EO,pre_rest_EO,50.354,838.0,False,,False,838.0
0727 chen_try.vhdr,pre_rest_03_EO,pre_rest_EO,51.191,837.0,False,,False,837.0
0727 chen_try.vhdr,pre_rest_03_EO,pre_rest_EO,51.965,774.0,False,,False,774.0
0727 chen_try.vhdr,pre_rest_03_EO,pre_rest_EO,52.77,805.0,False,,False,805.0
0727 chen_try.vhdr,pre_rest_03_EO,pre_rest_EO,53.6,830.0,False,,False,830.0
0727 chen_try.vhdr,pre_rest_03_EO,pre_rest_EO,54.444,844.0,False,,False,844.0
0727 chen_try.vhdr,pre_rest_03_EO,pre_rest_EO,55.249,805.0,False,,False,805.0
0727 chen_try.vhdr,pre_rest_03_EO,pre_rest_EO,56.013,764.0,False,,False,764.0
0727 chen_try.vhdr,pre_rest_03_EO,pre_rest_EO,56.784,771.0,False,,False,771.0
0727 chen_try.vhdr,pre_rest_03_EO,pre_rest_EO,57.567,783.0,False,,False,783.0
0727 chen_try.vhdr,pre_rest_03_EO,pre_rest_EO,58.36,793.0,False,,False,793.0
0727 chen_try.vhdr,pre_rest_03_EO,pre_rest_EO,59.109,749.0,False,,False,749.0
0727 chen_try.vhdr,pre_rest_03_EO,pre_rest_EO,59.858,749.0,False,,False,749.0
0727 chen_try.vhdr,pre_rest_03_EO,pre_rest_EO,60.636,778.0,False,,False,778.0
0727 chen_try.vhdr,pre_rest_03_EO,pre_rest_EO,61.43,794.0,False,,False,794.0
0727 chen_try.vhdr,pre_rest_03_EO,pre_rest_EO,62.233,803.0,False,,False,803.0
0727 chen_try.vhdr,pre_rest_03_EO,pre_rest_EO,62.984,751.0,False,,False,751.0
0727 chen_try.vhdr,pre_rest_03_EO,pre_rest_EO,63.734,750.0,False,,False,750.0
0727 chen_try.vhdr,pre_rest_03_EO,pre_rest_EO,64.477,743.0,False,,False,743.0
0727 chen_try.vhdr,pre_rest_03_EO,pre_rest_EO,65.237,760.0,False,,False,760.0
0727 chen_try.vhdr,pre_rest_03_EO,pre_rest_EO,65.971,734.0,False,,False,734.0
0727 chen_try.vhdr,pre_rest_03_EO,pre_rest_EO,66.698,727.0,False,,False,727.0
0727 chen_try.vhdr,pre_rest_03_EO,pre_rest_EO,67.426,728.0,False,,False,728.0
0727 chen_try.vhdr,pre_rest_03_EO,pre_rest_EO,68.157,731.0,False,,False,731.0
0727 chen_try.vhdr,pre_rest_03_EO,pre_rest_EO,68.886,729.0,False,,False,729.0
0727 chen_try.vhdr,pre_rest_03_EO,pre_rest_EO,69.59,704.0,False,,False,704.0
0727 chen_try.vhdr,pre_rest_03_EO,pre_rest_EO,70.307,717.0,False,,False,717.0
0727 chen_try.vhdr,pre_rest_03_EO,pre_rest_EO,71.048,741.0,False,,False,741.0
0727 chen_try.vhdr,pre_rest_03_EO,pre_rest_EO,71.814,766.0,False,,False,766.0
0727 chen_try.vhdr,pre_rest_03_EO,pre_rest_EO,72.556,742.0,False,,False,742.0
0727 chen_try.vhdr,pre_rest_03_EO,pre_rest_EO,73.285,729.0,False,,False,729.0
0727 chen_try.vhdr,pre_rest_03_EO,pre_rest_EO,74.018,733.0,False,,False,733.0
0727 chen_try.vhdr,pre_rest_03_EO,pre_rest_EO,74.76,742.0,False,,False,742.0
0727 chen_try.vhdr,pre_rest_03_EO,pre_rest_EO,75.508,748.0,False,,False,748.0
0727 chen_try.vhdr,pre_rest_03_EO,pre_rest_EO,76.209,701.0,False,,False,701.0
0727 chen_try.vhdr,pre_rest_03_EO,pre_rest_EO,76.916,707.0,False,,False,707.0
0727 chen_try.vhdr,pre_rest_03_EO,pre_rest_EO,77.632,716.0,False,,False,716.0
0727 chen_try.vhdr,pre_rest_03_EO,pre_rest_EO,78.359,727.0,False,,False,727.0
0727 chen_try.vhdr,pre_rest_03_EO,pre_rest_EO,79.099,740.0,False,,False,740.0
0727 chen_try.vhdr,pre_rest_03_EO,pre_rest_EO,79.816,717.0,False,,False,717.0
0727 chen_try.vhdr,pre_rest_03_EO,pre_rest_EO,80.539,723.0,False,,False,723.0
0727 chen_try.vhdr,pre_rest_03_EO,pre_rest_EO,81.282,743.0,False,,False,743.0
0727 chen_try.vhdr,pre_rest_03_EO,pre_rest_EO,82.014,732.0,False,,False,732.0
0727 chen_try.vhdr,pre_rest_03_EO,pre_rest_EO,82.738,724.0,False,,False,724.0
0727 chen_try.vhdr,pre_rest_03_EO,pre_rest_EO,83.443,705.0,False,,False,705.0
0727 chen_try.vhdr,pre_rest_03_EO,pre_rest_EO,84.168,725.0,False,,False,725.0
0727 chen_try.vhdr,pre_rest_03_EO,pre_rest_EO,84.918,750.0,False,,False,750.0
0727 chen_try.vhdr,pre_rest_03_EO,pre_rest_EO,85.702,784.0,False,,False,784.0
0727 chen_try.vhdr,pre_rest_03_EO,pre_rest_EO,86.483,781.0,False,,False,781.0
0727 chen_try.vhdr,pre_rest_03_EO,pre_rest_EO,87.224,741.0,False,,False,741.0
0727 chen_try.vhdr,pre_rest_03_EO,pre_rest_EO,87.97,746.0,False,,False,746.0
0727 chen_try.vhdr,pre_rest_03_EO,pre_rest_EO,88.716,746.0,False,,False,746.0
0727 chen_try.vhdr,pre_rest_03_EO,pre_rest_EO,89.478,762.0,False,,False,762.0
0727 chen_try.vhdr,pre_rest_03_EO,pre_rest_EO,90.193,715.0,False,,False,715.0
0727 chen_try.vhdr,pre_rest_03_EO,pre_rest_EO,90.895,702.0,False,,False,702.0
0727 chen_try.vhdr,pre_rest_03_EO,pre_rest_EO,91.594,699.0,False,,False,699.0
0727 chen_try.vhdr,pre_rest_03_EO,pre_rest_EO,92.259,665.0,False,,False,665.0
0727 chen_try.vhdr,pre_rest_03_EO,pre_rest_EO,92.94,681.0,False,,False,681.0
0727 chen_try.vhdr,pre_rest_03_EO,pre_rest_EO,93.632,692.0,False,,False,692.0
0727 chen_try.vhdr,pre_rest_03_EO,pre_rest_EO,94.359,727.0,False,,False,727.0
0727 chen_try.vhdr,pre_rest_03_EO,pre_rest_EO,95.121,762.0,False,,False,762.0
0727 chen_try.vhdr,pre_rest_03_EO,pre_rest_EO,95.904,783.0,False,,False,783.0
0727 chen_try.vhdr,pre_rest_03_EO,pre_rest_EO,96.656,752.0,False,,False,752.0
0727 chen_try.vhdr,pre_rest_03_EO,pre_rest_EO,97.422,766.0,False,,False,766.0
0727 chen_try.vhdr,pre_rest_03_EO,pre_rest_EO,98.175,753.0,False,,False,753.0
0727 chen_try.vhdr,pre_rest_03_EO,pre_rest_EO,98.915,740.0,False,,False,740.0
0727 chen_try.vhdr,pre_rest_03_EO,pre_rest_EO,99.603,688.0,False,,False,688.0
0727 chen_try.vhdr,pre_rest_03_EO,pre_rest_EO,100.308,705.0,False,,False,705.0
0727 chen_try.vhdr,pre_rest_03_EO,pre_rest_EO,101.017,709.0,False,,False,709.0
0727 chen_try.vhdr,pre_rest_03_EO,pre_rest_EO,101.735,718.0,False,,False,718.0
0727 chen_try.vhdr,pre_rest_03_EO,pre_rest_EO,102.472,737.0,False,,False,737.0
0727 chen_try.vhdr,pre_rest_03_EO,pre_rest_EO,103.173,701.0,False,,False,701.0
0727 chen_try.vhdr,pre_rest_03_EO,pre_rest_EO,103.903,730.0,False,,False,730.0
0727 chen_try.vhdr,pre_rest_03_EO,pre_rest_EO,104.647,744.0,False,,False,744.0
0727 chen_try.vhdr,pre_rest_03_EO,pre_rest_EO,105.415,768.0,False,,False,768.0
0727 chen_try.vhdr,pre_rest_03_EO,pre_rest_EO,106.15,735.0,False,,False,735.0
0727 chen_try.vhdr,pre_rest_03_EO,pre_rest_EO,106.908,758.0,False,,False,758.0
0727 chen_try.vhdr,pre_rest_03_EO,pre_rest_EO,107.686,778.0,False,,False,778.0
0727 chen_try.vhdr,pre_rest_03_EO,pre_rest_EO,108.488,802.0,False,,False,802.0
0727 chen_try.vhdr,pre_rest_03_EO,pre_rest_EO,109.277,789.0,False,,False,789.0
0727 chen_try.vhdr,pre_rest_03_EO,pre_rest_EO,110.005,728.0,False,,False,728.0
0727 chen_try.vhdr,pre_rest_03_EO,pre_rest_EO,110.736,731.0,False,,False,731.0
0727 chen_try.vhdr,pre_rest_03_EO,pre_rest_EO,111.493,757.0,False,,False,757.0
0727 chen_try.vhdr,pre_rest_03_EO,pre_rest_EO,112.297,804.0,False,,False,804.0
0727 chen_try.vhdr,pre_rest_03_EO,pre_rest_EO,113.123,826.0,False,,False,826.0
0727 chen_try.vhdr,pre_rest_03_EO,pre_rest_EO,113.897,774.0,False,,False,774.0
0727 chen_try.vhdr,pre_rest_03_EO,pre_rest_EO,114.685,788.0,False,,False,788.0
0727 chen_try.vhdr,pre_rest_03_EO,pre_rest_EO,115.491,806.0,False,,False,806.0
0727 chen_try.vhdr,pre_rest_03_EO,pre_rest_EO,116.316,825.0,False,,False,825.0
0727 chen_try.vhdr,pre_rest_03_EO,pre_rest_EO,117.106,790.0,False,,False,790.0
0727 chen_try.vhdr,pre_rest_03_EO,pre_rest_EO,117.853,747.0,False,,False,747.0
0727 chen_try.vhdr,pre_rest_03_EO,pre_rest_EO,118.619,766.0,False,,False,766.0
0727 chen_try.vhdr,pre_rest_03_EO,pre_rest_EO,119.406,787.0,False,,False,787.0
0727 chen_try.vhdr,pre_rest_03_EO,pre_rest_EO,120.222,816.0,False,,False,816.0
0727 chen_try.vhdr,pre_rest_03_EO,pre_rest_EO,121.046,824.0,False,,False,824.0
0727 chen_try.vhdr,pre_rest_03_EO,pre_rest_EO,121.811,765.0,False,,False,765.0
0727 chen_try.vhdr,pre_rest_03_EO,pre_rest_EO,122.618,807.0,False,,False,807.0
0727 chen_try.vhdr,pre_rest_03_EO,pre_rest_EO,123.462,844.0,False,,False,844.0
0727 chen_try.vhdr,pre_rest_03_EO,pre_rest_EO,124.31,848.0,False,,False,848.0
0727 chen_try.vhdr,pre_rest_03_EO,pre_rest_EO,125.1,790.0,False,,False,790.0
0727 chen_try.vhdr,pre_rest_03_EO,pre_rest_EO,125.886,786.0,False,,False,786.0
0727 chen_try.vhdr,pre_rest_03_EO,pre_rest_EO,126.691,805.0,False,,False,805.0
0727 chen_try.vhdr,pre_rest_03_EO,pre_rest_EO,127.503,812.0,False,,False,812.0
0727 chen_try.vhdr,pre_rest_03_EO,pre_rest_EO,128.336,833.0,False,,False,833.0
0727 chen_try.vhdr,pre_rest_03_EO,pre_rest_EO,129.102,766.0,False,,False,766.0
0727 chen_try.vhdr,pre_rest_04_EC,pre_rest_EC,1.798,751.0,False,,False,751.0
0727 chen_try.vhdr,pre_rest_04_EC,pre_rest_EC,2.531,733.0,False,,False,733.0
0727 chen_try.vhdr,pre_rest_04_EC,pre_rest_EC,3.311,780.0,False,,False,780.0
0727 chen_try.vhdr,pre_rest_04_EC,pre_rest_EC,4.102,791.0,False,,False,791.0
0727 chen_try.vhdr,pre_rest_04_EC,pre_rest_EC,4.894,792.0,False,,False,792.0
0727 chen_try.vhdr,pre_rest_04_EC,pre_rest_EC,5.721,827.0,False,,False,827.0
0727 chen_try.vhdr,pre_rest_04_EC,pre_rest_EC,6.517,796.0,False,,False,796.0
0727 chen_try.vhdr,pre_rest_04_EC,pre_rest_EC,7.345,828.0,False,,False,828.0
0727 chen_try.vhdr,pre_rest_04_EC,pre_rest_EC,8.161,816.0,False,,False,816.0
0727 chen_try.vhdr,pre_rest_04_EC,pre_rest_EC,8.925,764.0,False,,False,764.0
0727 chen_try.vhdr,pre_rest_04_EC,pre_rest_EC,9.634,709.0,False,,False,709.0
0727 chen_try.vhdr,pre_rest_04_EC,pre_rest_EC,10.334,700.0,False,,False,700.0
0727 chen_try.vhdr,pre_rest_04_EC,pre_rest_EC,11.016,682.0,False,,False,682.0
0727 chen_try.vhdr,pre_rest_04_EC,pre_rest_EC,11.722,706.0,False,,False,706.0
0727 chen_try.vhdr,pre_rest_04_EC,pre_rest_EC,12.446,724.0,False,,False,724.0
0727 chen_try.vhdr,pre_rest_04_EC,pre_rest_EC,13.193,747.0,False,,False,747.0
0727 chen_try.vhdr,pre_rest_04_EC,pre_rest_EC,13.964,771.0,False,,False,771.0
0727 chen_try.vhdr,pre_rest_04_EC,pre_rest_EC,14.717,753.0,False,,False,753.0
0727 chen_try.vhdr,pre_rest_04_EC,pre_rest_EC,15.432,715.0,False,,False,715.0
0727 chen_try.vhdr,pre_rest_04_EC,pre_rest_EC,16.176,744.0,False,,False,744.0
0727 chen_try.vhdr,pre_rest_04_EC,pre_rest_EC,16.924,748.0,False,,False,748.0
0727 chen_try.vhdr,pre_rest_04_EC,pre_rest_EC,17.688,764.0,False,,False,764.0
0727 chen_try.vhdr,pre_rest_04_EC,pre_rest_EC,18.463,775.0,False,,False,775.0
0727 chen_try.vhdr,pre_rest_04_EC,pre_rest_EC,19.258,795.0,False,,False,795.0
0727 chen_try.vhdr,pre_rest_04_EC,pre_rest_EC,20.036,778.0,False,,False,778.0
0727 chen_try.vhdr,pre_rest_04_EC,pre_rest_EC,20.742,706.0,False,,False,706.0
0727 chen_try.vhdr,pre_rest_04_EC,pre_rest_EC,21.477,735.0,False,,False,735.0
0727 chen_try.vhdr,pre_rest_04_EC,pre_rest_EC,22.215,738.0,False,,False,738.0
0727 chen_try.vhdr,pre_rest_04_EC,pre_rest_EC,22.965,750.0,False,,False,750.0
0727 chen_try.vhdr,pre_rest_04_EC,pre_rest_EC,23.739,774.0,False,,False,774.0
0727 chen_try.vhdr,pre_rest_04_EC,pre_rest_EC,24.538,799.0,False,,False,799.0
0727 chen_try.vhdr,pre_rest_04_EC,pre_rest_EC,25.353,815.0,False,,False,815.0
0727 chen_try.vhdr,pre_rest_04_EC,pre_rest_EC,26.118,765.0,False,,False,765.0
0727 chen_try.vhdr,pre_rest_04_EC,pre_rest_EC,26.81,692.0,False,,False,692.0
0727 chen_try.vhdr,pre_rest_04_EC,pre_rest_EC,27.498,688.0,False,,False,688.0
0727 chen_try.vhdr,pre_rest_04_EC,pre_rest_EC,28.197,699.0,False,,False,699.0
0727 chen_try.vhdr,pre_rest_04_EC,pre_rest_EC,28.906,709.0,False,,False,709.0
0727 chen_try.vhdr,pre_rest_04_EC,pre_rest_EC,29.685,779.0,False,,False,779.0
0727 chen_try.vhdr,pre_rest_04_EC,pre_rest_EC,30.566,881.0,False,,False,881.0
0727 chen_try.vhdr,pre_rest_04_EC,pre_rest_EC,31.455,889.0,False,,False,889.0
0727 chen_try.vhdr,pre_rest_04_EC,pre_rest_EC,32.322,867.0,False,,False,867.0
0727 chen_try.vhdr,pre_rest_04_EC,pre_rest_EC,33.094,772.0,False,,False,772.0
0727 chen_try.vhdr,pre_rest_04_EC,pre_rest_EC,33.887,793.0,False,,False,793.0
0727 chen_try.vhdr,pre_rest_04_EC,pre_rest_EC,34.657,770.0,False,,False,770.0
0727 chen_try.vhdr,pre_rest_04_EC,pre_rest_EC,35.429,772.0,False,,False,772.0
0727 chen_try.vhdr,pre_rest_04_EC,pre_rest_EC,36.206,777.0,False,,False,777.0
0727 chen_try.vhdr,pre_rest_04_EC,pre_rest_EC,36.909,703.0,False,,False,703.0
0727 chen_try.vhdr,pre_rest_04_EC,pre_rest_EC,37.63,721.0,False,,False,721.0
0727 chen_try.vhdr,pre_rest_04_EC,pre_rest_EC,38.348,718.0,False,,False,718.0
0727 chen_try.vhdr,pre_rest_04_EC,pre_rest_EC,39.081,733.0,False,,False,733.0
0727 chen_try.vhdr,pre_rest_04_EC,pre_rest_EC,39.866,785.0,False,,False,785.0
0727 chen_try.vhdr,pre_rest_04_EC,pre_rest_EC,40.66,794.0,False,,False,794.0
0727 chen_try.vhdr,pre_rest_04_EC,pre_rest_EC,41.469,809.0,False,,False,809.0
0727 chen_try.vhdr,pre_rest_04_EC,pre_rest_EC,42.283,814.0,False,,False,814.0
0727 chen_try.vhdr,pre_rest_04_EC,pre_rest_EC,43.083,800.0,False,,False,800.0
0727 chen_try.vhdr,pre_rest_04_EC,pre_rest_EC,43.803,720.0,False,,False,720.0
0727 chen_try.vhdr,pre_rest_04_EC,pre_rest_EC,44.479,676.0,False,,False,676.0
0727 chen_try.vhdr,pre_rest_04_EC,pre_rest_EC,45.164,685.0,False,,False,685.0
0727 chen_try.vhdr,pre_rest_04_EC,pre_rest_EC,45.843,679.0,False,,False,679.0
0727 chen_try.vhdr,pre_rest_04_EC,pre_rest_EC,46.551,708.0,False,,False,708.0
0727 chen_try.vhdr,pre_rest_04_EC,pre_rest_EC,47.33,779.0,False,,False,779.0
0727 chen_try.vhdr,pre_rest_04_EC,pre_rest_EC,48.14,810.0,False,,False,810.0
0727 chen_try.vhdr,pre_rest_04_EC,pre_rest_EC,48.96,820.0,False,,False,820.0
0727 chen_try.vhdr,pre_rest_04_EC,pre_rest_EC,49.793,833.0,False,,False,833.0
0727 chen_try.vhdr,pre_rest_04_EC,pre_rest_EC,50.638,845.0,False,,False,845.0
0727 chen_try.vhdr,pre_rest_04_EC,pre_rest_EC,51.475,837.0,False,,False,837.0
0727 chen_try.vhdr,pre_rest_04_EC,pre_rest_EC,52.313,838.0,False,,False,838.0
0727 chen_try.vhdr,pre_rest_04_EC,pre_rest_EC,53.123,810.0,False,,False,810.0
0727 chen_try.vhdr,pre_rest_04_EC,pre_rest_EC,53.843,720.0,False,,False,720.0
0727 chen_try.vhdr,pre_rest_04_EC,pre_rest_EC,54.549,706.0,False,,False,706.0
0727 chen_try.vhdr,pre_rest_04_EC,pre_rest_EC,55.268,719.0,False,,False,719.0
0727 chen_try.vhdr,pre_rest_04_EC,pre_rest_EC,55.967,699.0,False,,False,699.0
0727 chen_try.vhdr,pre_rest_04_EC,pre_rest_EC,56.636,669.0,False,,False,669.0
0727 chen_try.vhdr,pre_rest_04_EC,pre_rest_EC,57.27,634.0,False,,False,634.0
0727 chen_try.vhdr,pre_rest_04_EC,pre_rest_EC,57.965,695.0,False,,False,695.0
0727 chen_try.vhdr,pre_rest_04_EC,pre_rest_EC,58.644,679.0,False,,False,679.0
0727 chen_try.vhdr,pre_rest_04_EC,pre_rest_EC,59.311,667.0,False,,False,667.0
0727 chen_try.vhdr,pre_rest_04_EC,pre_rest_EC,60.018,707.0,False,,False,707.0
0727 chen_try.vhdr,pre_rest_04_EC,pre_rest_EC,60.783,765.0,False,,False,765.0
0727 chen_try.vhdr,pre_rest_04_EC,pre_rest_EC,61.509,726.0,False,,False,726.0
0727 chen_try.vhdr,pre_rest_04_EC,pre_rest_EC,62.27,761.0,False,,False,761.0
0727 chen_try.vhdr,pre_rest_04_EC,pre_rest_EC,63.036,766.0,False,,False,766.0
0727 chen_try.vhdr,pre_rest_04_EC,pre_rest_EC,63.817,781.0,False,,False,781.0
0727 chen_try.vhdr,pre_rest_04_EC,pre_rest_EC,64.597,780.0,False,,False,780.0
0727 chen_try.vhdr,pre_rest_04_EC,pre_rest_EC,65.311,714.0,False,,False,714.0
0727 chen_try.vhdr,pre_rest_04_EC,pre_rest_EC,66.032,721.0,False,,False,721.0
0727 chen_try.vhdr,pre_rest_04_EC,pre_rest_EC,66.759,727.0,False,,False,727.0
0727 chen_try.vhdr,pre_rest_04_EC,pre_rest_EC,67.5,741.0,False,,False,741.0
0727 chen_try.vhdr,pre_rest_04_EC,pre_rest_EC,68.262,762.0,False,,False,762.0
0727 chen_try.vhdr,pre_rest_04_EC,pre_rest_EC,68.987,725.0,False,,False,725.0
0727 chen_try.vhdr,pre_rest_04_EC,pre_rest_EC,69.664,677.0,False,,False,677.0
0727 chen_try.vhdr,pre_rest_04_EC,pre_rest_EC,70.322,658.0,False,,False,658.0
0727 chen_try.vhdr,pre_rest_04_EC,pre_rest_EC,71.01,688.0,False,,False,688.0
0727 chen_try.vhdr,pre_rest_04_EC,pre_rest_EC,71.719,709.0,False,,False,709.0
0727 chen_try.vhdr,pre_rest_04_EC,pre_rest_EC,72.506,787.0,False,,False,787.0
0727 chen_try.vhdr,pre_rest_04_EC,pre_rest_EC,73.347,841.0,False,,False,841.0
0727 chen_try.vhdr,pre_rest_04_EC,pre_rest_EC,74.233,886.0,False,,False,886.0
0727 chen_try.vhdr,pre_rest_04_EC,pre_rest_EC,75.108,875.0,False,,False,875.0
0727 chen_try.vhdr,pre_rest_04_EC,pre_rest_EC,75.962,854.0,False,,False,854.0
0727 chen_try.vhdr,pre_rest_04_EC,pre_rest_EC,76.772,810.0,False,,False,810.0
0727 chen_try.vhdr,pre_rest_04_EC,pre_rest_EC,77.535,763.0,False,,False,763.0
0727 chen_try.vhdr,pre_rest_04_EC,pre_rest_EC,78.309,774.0,False,,False,774.0
0727 chen_try.vhdr,pre_rest_04_EC,pre_rest_EC,79.081,772.0,False,,False,772.0
0727 chen_try.vhdr,pre_rest_04_EC,pre_rest_EC,79.861,780.0,False,,False,780.0
0727 chen_try.vhdr,pre_rest_04_EC,pre_rest_EC,80.64,779.0,False,,False,779.0
0727 chen_try.vhdr,pre_rest_04_EC,pre_rest_EC,81.409,769.0,False,,False,769.0
0727 chen_try.vhdr,pre_rest_04_EC,pre_rest_EC,82.106,697.0,False,,False,697.0
0727 chen_try.vhdr,pre_rest_04_EC,pre_rest_EC,82.782,676.0,False,,False,676.0
0727 chen_try.vhdr,pre_rest_04_EC,pre_rest_EC,83.479,697.0,False,,False,697.0
0727 chen_try.vhdr,pre_rest_04_EC,pre_rest_EC,84.204,725.0,False,,False,725.0
0727 chen_try.vhdr,pre_rest_04_EC,pre_rest_EC,85.026,822.0,False,,False,822.0
0727 chen_try.vhdr,pre_rest_04_EC,pre_rest_EC,85.941,915.0,False,,False,915.0
0727 chen_try.vhdr,pre_rest_04_EC,pre_rest_EC,86.87,929.0,False,,False,929.0
0727 chen_try.vhdr,pre_rest_04_EC,pre_rest_EC,87.741,871.0,False,,False,871.0
0727 chen_try.vhdr,pre_rest_04_EC,pre_rest_EC,88.583,842.0,False,,False,842.0
0727 chen_try.vhdr,pre_rest_04_EC,pre_rest_EC,89.442,859.0,False,,False,859.0
0727 chen_try.vhdr,pre_rest_04_EC,pre_rest_EC,90.309,867.0,False,,False,867.0
0727 chen_try.vhdr,pre_rest_04_EC,pre_rest_EC,91.148,839.0,False,,False,839.0
0727 chen_try.vhdr,pre_rest_04_EC,pre_rest_EC,91.897,749.0,False,,False,749.0
0727 chen_try.vhdr,pre_rest_04_EC,pre_rest_EC,92.611,714.0,False,,False,714.0
0727 chen_try.vhdr,pre_rest_04_EC,pre_rest_EC,93.355,744.0,False,,False,744.0
0727 chen_try.vhdr,pre_rest_04_EC,pre_rest_EC,94.131,776.0,False,,False,776.0
0727 chen_try.vhdr,pre_rest_04_EC,pre_rest_EC,94.992,861.0,False,,False,861.0
0727 chen_try.vhdr,pre_rest_04_EC,pre_rest_EC,95.836,844.0,False,,False,844.0
0727 chen_try.vhdr,pre_rest_04_EC,pre_rest_EC,96.633,797.0,False,,False,797.0
0727 chen_try.vhdr,pre_rest_04_EC,pre_rest_EC,97.388,755.0,False,,False,755.0
0727 chen_try.vhdr,pre_rest_04_EC,pre_rest_EC,98.191,803.0,False,,False,803.0
0727 chen_try.vhdr,pre_rest_04_EC,pre_rest_EC,99.016,825.0,False,,False,825.0
0727 chen_try.vhdr,pre_rest_04_EC,pre_rest_EC,99.846,830.0,False,,False,830.0
0727 chen_try.vhdr,pre_rest_04_EC,pre_rest_EC,100.626,780.0,False,,False,780.0
0727 chen_try.vhdr,pre_rest_04_EC,pre_rest_EC,101.36,734.0,False,,False,734.0
0727 chen_try.vhdr,pre_rest_04_EC,pre_rest_EC,102.123,763.0,False,,False,763.0
0727 chen_try.vhdr,pre_rest_04_EC,pre_rest_EC,102.885,762.0,False,,False,762.0
0727 chen_try.vhdr,pre_rest_04_EC,pre_rest_EC,103.664,779.0,False,,False,779.0
0727 chen_try.vhdr,pre_rest_04_EC,pre_rest_EC,104.447,783.0,False,,False,783.0
0727 chen_try.vhdr,pre_rest_04_EC,pre_rest_EC,105.211,764.0,False,,False,764.0
0727 chen_try.vhdr,pre_rest_04_EC,pre_rest_EC,105.956,745.0,False,,False,745.0
0727 chen_try.vhdr,pre_rest_04_EC,pre_rest_EC,106.743,787.0,False,,False,787.0
0727 chen_try.vhdr,pre_rest_04_EC,pre_rest_EC,107.559,816.0,False,,False,816.0
0727 chen_try.vhdr,pre_rest_04_EC,pre_rest_EC,108.419,860.0,False,,False,860.0
0727 chen_try.vhdr,pre_rest_04_EC,pre_rest_EC,109.269,850.0,False,,False,850.0
0727 chen_try.vhdr,pre_rest_04_EC,pre_rest_EC,110.05,781.0,False,,False,781.0
0727 chen_try.vhdr,pre_rest_04_EC,pre_rest_EC,110.774,724.0,False,,False,724.0
0727 chen_try.vhdr,pre_rest_04_EC,pre_rest_EC,111.512,738.0,False,,False,738.0
0727 chen_try.vhdr,pre_rest_04_EC,pre_rest_EC,112.252,740.0,False,,False,740.0
0727 chen_try.vhdr,pre_rest_04_EC,pre_rest_EC,113.045,793.0,False,,False,793.0
0727 chen_try.vhdr,pre_rest_04_EC,pre_rest_EC,113.888,843.0,False,,False,843.0
0727 chen_try.vhdr,pre_rest_04_EC,pre_rest_EC,114.679,791.0,False,,False,791.0
0727 chen_try.vhdr,pre_rest_04_EC,pre_rest_EC,115.498,819.0,False,,False,819.0
0727 chen_try.vhdr,pre_rest_04_EC,pre_rest_EC,116.35,852.0,False,,False,852.0
0727 chen_try.vhdr,pre_rest_04_EC,pre_rest_EC,117.249,899.0,False,,False,899.0
0727 chen_try.vhdr,pre_rest_04_EC,pre_rest_EC,118.162,913.0,False,,False,913.0
0727 chen_try.vhdr,pre_rest_04_EC,pre_rest_EC,119.03,868.0,False,,False,868.0
0727 chen_try.vhdr,pre_rest_04_EC,pre_rest_EC,119.871,841.0,False,,False,841.0
0727 chen_try.vhdr,pre_rest_04_EC,pre_rest_EC,120.705,834.0,False,,False,834.0
0727 chen_try.vhdr,pre_rest_04_EC,pre_rest_EC,121.554,849.0,False,,False,849.0
0727 chen_try.vhdr,pre_rest_04_EC,pre_rest_EC,122.403,849.0,False,,False,849.0
0727 chen_try.vhdr,pre_rest_04_EC,pre_rest_EC,123.208,805.0,False,,False,805.0
0727 chen_try.vhdr,pre_rest_04_EC,pre_rest_EC,123.969,761.0,False,,False,761.0
0727 chen_try.vhdr,pre_rest_04_EC,pre_rest_EC,124.734,765.0,False,,False,765.0
0727 chen_try.vhdr,pre_rest_04_EC,pre_rest_EC,125.513,779.0,False,,False,779.0
0727 chen_try.vhdr,pre_rest_05_EO,pre_rest_EO,1.322,784.0,False,,False,784.0
0727 chen_try.vhdr,pre_rest_05_EO,pre_rest_EO,2.122,800.0,False,,False,800.0
0727 chen_try.vhdr,pre_rest_05_EO,pre_rest_EO,2.92,798.0,False,,False,798.0
0727 chen_try.vhdr,pre_rest_05_EO,pre_rest_EO,3.757,837.0,False,,False,837.0
0727 chen_try.vhdr,pre_rest_05_EO,pre_rest_EO,4.635,878.0,False,,False,878.0
0727 chen_try.vhdr,pre_rest_05_EO,pre_rest_EO,5.534,899.0,False,,False,899.0
0727 chen_try.vhdr,pre_rest_05_EO,pre_rest_EO,6.347,813.0,False,,False,813.0
0727 chen_try.vhdr,pre_rest_05_EO,pre_rest_EO,7.164,817.0,False,,False,817.0
0727 chen_try.vhdr,pre_rest_05_EO,pre_rest_EO,8.009,845.0,False,,False,845.0
0727 chen_try.vhdr,pre_rest_05_EO,pre_rest_EO,8.858,849.0,False,,False,849.0
0727 chen_try.vhdr,pre_rest_05_EO,pre_rest_EO,9.685,827.0,False,,False,827.0
0727 chen_try.vhdr,pre_rest_05_EO,pre_rest_EO,10.42,735.0,False,,False,735.0
0727 chen_try.vhdr,pre_rest_05_EO,pre_rest_EO,11.179,759.0,False,,False,759.0
0727 chen_try.vhdr,pre_rest_05_EO,pre_rest_EO,11.96,781.0,False,,False,781.0
0727 chen_try.vhdr,pre_rest_05_EO,pre_rest_EO,12.807,847.0,False,,False,847.0
0727 chen_try.vhdr,pre_rest_05_EO,pre_rest_EO,13.704,897.0,False,,False,897.0
0727 chen_try.vhdr,pre_rest_05_EO,pre_rest_EO,14.57,866.0,False,,False,866.0
0727 chen_try.vhdr,pre_rest_05_EO,pre_rest_EO,15.41,840.0,False,,False,840.0
0727 chen_try.vhdr,pre_rest_05_EO,pre_rest_EO,16.239,829.0,False,,False,829.0
0727 chen_try.vhdr,pre_rest_05_EO,pre_rest_EO,17.043,804.0,False,,False,804.0
0727 chen_try.vhdr,pre_rest_05_EO,pre_rest_EO,17.824,781.0,False,,False,781.0
0727 chen_try.vhdr,pre_rest_05_EO,pre_rest_EO,18.637,813.0,False,,False,813.0
0727 chen_try.vhdr,pre_rest_05_EO,pre_rest_EO,19.475,838.0,False,,False,838.0
0727 chen_try.vhdr,pre_rest_05_EO,pre_rest_EO,20.336,861.0,False,,False,861.0
0727 chen_try.vhdr,pre_rest_05_EO,pre_rest_EO,21.143,807.0,False,,False,807.0
0727 chen_try.vhdr,pre_rest_05_EO,pre_rest_EO,21.987,844.0,False,,False,844.0
0727 chen_try.vhdr,pre_rest_05_EO,pre_rest_EO,22.847,860.0,False,,False,860.0
0727 chen_try.vhdr,pre_rest_05_EO,pre_rest_EO,23.704,857.0,False,,False,857.0
0727 chen_try.vhdr,pre_rest_05_EO,pre_rest_EO,24.546,842.0,False,,False,842.0
0727 chen_try.vhdr,pre_rest_05_EO,pre_rest_EO,25.319,773.0,False,,False,773.0
0727 chen_try.vhdr,pre_rest_05_EO,pre_rest_EO,26.133,814.0,False,,False,814.0
0727 chen_try.vhdr,pre_rest_05_EO,pre_rest_EO,26.965,832.0,False,,False,832.0
0727 chen_try.vhdr,pre_rest_05_EO,pre_rest_EO,27.794,829.0,False,,False,829.0
0727 chen_try.vhdr,pre_rest_05_EO,pre_rest_EO,28.532,738.0,False,,False,738.0
0727 chen_try.vhdr,pre_rest_05_EO,pre_rest_EO,29.223,691.0,False,,False,691.0
0727 chen_try.vhdr,pre_rest_05_EO,pre_rest_EO,29.937,714.0,False,,False,714.0
0727 chen_try.vhdr,pre_rest_05_EO,pre_rest_EO,30.688,751.0,False,,False,751.0
0727 chen_try.vhdr,pre_rest_05_EO,pre_rest_EO,31.465,777.0,False,,False,777.0
0727 chen_try.vhdr,pre_rest_05_EO,pre_rest_EO,32.292,827.0,False,,False,827.0
0727 chen_try.vhdr,pre_rest_05_EO,pre_rest_EO,33.144,852.0,False,,False,852.0
0727 chen_try.vhdr,pre_rest_05_EO,pre_rest_EO,33.991,847.0,False,,False,847.0
0727 chen_try.vhdr,pre_rest_05_EO,pre_rest_EO,34.779,788.0,False,,False,788.0
0727 chen_try.vhdr,pre_rest_05_EO,pre_rest_EO,35.56,781.0,False,,False,781.0
0727 chen_try.vhdr,pre_rest_05_EO,pre_rest_EO,36.343,783.0,False,,False,783.0
0727 chen_try.vhdr,pre_rest_05_EO,pre_rest_EO,37.116,773.0,False,,False,773.0
0727 chen_try.vhdr,pre_rest_05_EO,pre_rest_EO,37.89,774.0,False,,False,774.0
0727 chen_try.vhdr,pre_rest_05_EO,pre_rest_EO,38.648,758.0,False,,False,758.0
0727 chen_try.vhdr,pre_rest_05_EO,pre_rest_EO,39.423,775.0,False,,False,775.0
0727 chen_try.vhdr,pre_rest_05_EO,pre_rest_EO,40.194,771.0,False,,False,771.0
0727 chen_try.vhdr,pre_rest_05_EO,pre_rest_EO,40.952,758.0,False,,False,758.0
0727 chen_try.vhdr,pre_rest_05_EO,pre_rest_EO,41.755,803.0,False,,False,803.0
0727 chen_try.vhdr,pre_rest_05_EO,pre_rest_EO,42.607,852.0,False,,False,852.0
0727 chen_try.vhdr,pre_rest_05_EO,pre_rest_EO,43.49,883.0,False,,False,883.0
0727 chen_try.vhdr,pre_rest_05_EO,pre_rest_EO,44.296,806.0,False,,False,806.0
0727 chen_try.vhdr,pre_rest_05_EO,pre_rest_EO,45.119,823.0,False,,False,823.0
0727 chen_try.vhdr,pre_rest_05_EO,pre_rest_EO,45.938,819.0,False,,False,819.0
0727 chen_try.vhdr,pre_rest_05_EO,pre_rest_EO,46.758,820.0,False,,False,820.0
0727 chen_try.vhdr,pre_rest_05_EO,pre_rest_EO,47.543,785.0,False,,False,785.0
0727 chen_try.vhdr,pre_rest_05_EO,pre_rest_EO,48.322,779.0,False,,False,779.0
0727 chen_try.vhdr,pre_rest_05_EO,pre_rest_EO,49.136,814.0,False,,False,814.0
0727 chen_try.vhdr,pre_rest_05_EO,pre_rest_EO,49.956,820.0,False,,False,820.0
0727 chen_try.vhdr,pre_rest_05_EO,pre_rest_EO,50.791,835.0,False,,False,835.0
0727 chen_try.vhdr,pre_rest_05_EO,pre_rest_EO,51.564,773.0,False,,False,773.0
0727 chen_try.vhdr,pre_rest_05_EO,pre_rest_EO,52.348,784.0,False,,False,784.0
0727 chen_try.vhdr,pre_rest_05_EO,pre_rest_EO,53.139,791.0,False,,False,791.0
0727 chen_try.vhdr,pre_rest_05_EO,pre_rest_EO,53.942,803.0,False,,False,803.0
0727 chen_try.vhdr,pre_rest_05_EO,pre_rest_EO,54.706,764.0,False,,False,764.0
0727 chen_try.vhdr,pre_rest_05_EO,pre_rest_EO,55.453,747.0,False,,False,747.0
0727 chen_try.vhdr,pre_rest_05_EO,pre_rest_EO,56.22,767.0,False,,False,767.0
0727 chen_try.vhdr,pre_rest_05_EO,pre_rest_EO,56.998,778.0,False,,False,778.0
0727 chen_try.vhdr,pre_rest_05_EO,pre_rest_EO,57.787,789.0,False,,False,789.0
0727 chen_try.vhdr,pre_rest_05_EO,pre_rest_EO,58.527,740.0,False,,False,740.0
0727 chen_try.vhdr,pre_rest_05_EO,pre_rest_EO,59.283,756.0,False,,False,756.0
0727 chen_try.vhdr,pre_rest_05_EO,pre_rest_EO,60.054,771.0,False,,False,771.0
0727 chen_try.vhdr,pre_rest_05_EO,pre_rest_EO,60.825,771.0,False,,False,771.0
0727 chen_try.vhdr,pre_rest_05_EO,pre_rest_EO,61.551,726.0,False,,False,726.0
0727 chen_try.vhdr,pre_rest_05_EO,pre_rest_EO,62.292,741.0,False,,False,741.0
0727 chen_try.vhdr,pre_rest_05_EO,pre_rest_EO,63.037,745.0,False,,False,745.0
0727 chen_try.vhdr,pre_rest_05_EO,pre_rest_EO,63.807,770.0,False,,False,770.0
0727 chen_try.vhdr,pre_rest_05_EO,pre_rest_EO,64.524,717.0,False,,False,717.0
0727 chen_try.vhdr,pre_rest_05_EO,pre_rest_EO,65.272,748.0,False,,False,748.0
0727 chen_try.vhdr,pre_rest_05_EO,pre_rest_EO,66.014,742.0,False,,False,742.0
0727 chen_try.vhdr,pre_rest_05_EO,pre_rest_EO,66.784,770.0,False,,False,770.0
0727 chen_try.vhdr,pre_rest_05_EO,pre_rest_EO,67.537,753.0,False,,False,753.0
0727 chen_try.vhdr,pre_rest_05_EO,pre_rest_EO,68.246,709.0,False,,False,709.0
0727 chen_try.vhdr,pre_rest_05_EO,pre_rest_EO,68.986,740.0,False,,False,740.0
0727 chen_try.vhdr,pre_rest_05_EO,pre_rest_EO,69.734,748.0,False,,False,748.0
0727 chen_try.vhdr,pre_rest_05_EO,pre_rest_EO,70.514,780.0,False,,False,780.0
0727 chen_try.vhdr,pre_rest_05_EO,pre_rest_EO,71.32,806.0,False,,False,806.0
0727 chen_try.vhdr,pre_rest_05_EO,pre_rest_EO,72.087,767.0,False,,False,767.0
0727 chen_try.vhdr,pre_rest_05_EO,pre_rest_EO,72.868,781.0,False,,False,781.0
0727 chen_try.vhdr,pre_rest_05_EO,pre_rest_EO,73.695,827.0,False,,False,827.0
0727 chen_try.vhdr,pre_rest_05_EO,pre_rest_EO,74.529,834.0,False,,False,834.0
0727 chen_try.vhdr,pre_rest_05_EO,pre_rest_EO,75.312,783.0,False,,False,783.0
0727 chen_try.vhdr,pre_rest_05_EO,pre_rest_EO,76.073,761.0,False,,False,761.0
0727 chen_try.vhdr,pre_rest_05_EO,pre_rest_EO,76.873,800.0,False,,False,800.0
0727 chen_try.vhdr,pre_rest_05_EO,pre_rest_EO,77.707,834.0,False,,False,834.0
0727 chen_try.vhdr,pre_rest_05_EO,pre_rest_EO,78.502,795.0,False,,False,795.0
0727 chen_try.vhdr,pre_rest_05_EO,pre_rest_EO,79.278,776.0,False,,False,776.0
0727 chen_try.vhdr,pre_rest_05_EO,pre_rest_EO,80.067,789.0,False,,False,789.0
0727 chen_try.vhdr,pre_rest_05_EO,pre_rest_EO,80.873,806.0,False,,False,806.0
0727 chen_try.vhdr,pre_rest_05_EO,pre_rest_EO,81.673,800.0,False,,False,800.0
0727 chen_try.vhdr,pre_rest_05_EO,pre_rest_EO,82.392,719.0,False,,False,719.0
0727 chen_try.vhdr,pre_rest_05_EO,pre_rest_EO,83.147,755.0,False,,False,755.0
0727 chen_try.vhdr,pre_rest_05_EO,pre_rest_EO,83.906,759.0,False,,False,759.0
0727 chen_try.vhdr,pre_rest_05_EO,pre_rest_EO,84.705,799.0,False,,False,799.0
0727 chen_try.vhdr,pre_rest_05_EO,pre_rest_EO,85.53,825.0,False,,False,825.0
0727 chen_try.vhdr,pre_rest_05_EO,pre_rest_EO,86.32,790.0,False,,False,790.0
0727 chen_try.vhdr,pre_rest_05_EO,pre_rest_EO,87.1,780.0,False,,False,780.0
0727 chen_try.vhdr,pre_rest_05_EO,pre_rest_EO,87.883,783.0,False,,False,783.0
0727 chen_try.vhdr,pre_rest_05_EO,pre_rest_EO,88.673,790.0,False,,False,790.0
0727 chen_try.vhdr,pre_rest_05_EO,pre_rest_EO,89.449,776.0,False,,False,776.0
0727 chen_try.vhdr,pre_rest_05_EO,pre_rest_EO,90.165,716.0,False,,False,716.0
0727 chen_try.vhdr,pre_rest_05_EO,pre_rest_EO,90.917,752.0,False,,False,752.0
0727 chen_try.vhdr,pre_rest_05_EO,pre_rest_EO,91.685,768.0,False,,False,768.0
0727 chen_try.vhdr,pre_rest_05_EO,pre_rest_EO,92.48,795.0,False,,False,795.0
0727 chen_try.vhdr,pre_rest_05_EO,pre_rest_EO,93.286,806.0,False,,False,806.0
0727 chen_try.vhdr,pre_rest_05_EO,pre_rest_EO,94.06,774.0,False,,False,774.0
0727 chen_try.vhdr,pre_rest_05_EO,pre_rest_EO,94.868,808.0,False,,False,808.0
0727 chen_try.vhdr,pre_rest_05_EO,pre_rest_EO,95.692,824.0,False,,False,824.0
0727 chen_try.vhdr,pre_rest_05_EO,pre_rest_EO,96.527,835.0,False,,False,835.0
0727 chen_try.vhdr,pre_rest_05_EO,pre_rest_EO,97.312,785.0,False,,False,785.0
0727 chen_try.vhdr,pre_rest_05_EO,pre_rest_EO,98.138,826.0,False,,False,826.0
0727 chen_try.vhdr,pre_rest_05_EO,pre_rest_EO,98.97,832.0,False,,False,832.0
0727 chen_try.vhdr,pre_rest_05_EO,pre_rest_EO,99.794,824.0,False,,False,824.0
0727 chen_try.vhdr,pre_rest_05_EO,pre_rest_EO,100.615,821.0,False,,False,821.0
0727 chen_try.vhdr,pre_rest_06_EC,pre_rest_EC,1.501,790.0,False,,False,790.0
0727 chen_try.vhdr,pre_rest_06_EC,pre_rest_EC,2.285,784.0,False,,False,784.0
0727 chen_try.vhdr,pre_rest_06_EC,pre_rest_EC,3.069,784.0,False,,False,784.0
0727 chen_try.vhdr,pre_rest_06_EC,pre_rest_EC,3.807,738.0,False,,False,738.0
0727 chen_try.vhdr,pre_rest_06_EC,pre_rest_EC,4.576,769.0,False,,False,769.0
0727 chen_try.vhdr,pre_rest_06_EC,pre_rest_EC,5.369,793.0,False,,False,793.0
0727 chen_try.vhdr,pre_rest_06_EC,pre_rest_EC,6.244,875.0,False,,False,875.0
0727 chen_try.vhdr,pre_rest_06_EC,pre_rest_EC,7.118,874.0,False,,False,874.0
0727 chen_try.vhdr,pre_rest_06_EC,pre_rest_EC,7.909,791.0,False,,False,791.0
0727 chen_try.vhdr,pre_rest_06_EC,pre_rest_EC,8.71,801.0,False,,False,801.0
0727 chen_try.vhdr,pre_rest_06_EC,pre_rest_EC,9.51,800.0,False,,False,800.0
0727 chen_try.vhdr,pre_rest_06_EC,pre_rest_EC,10.322,812.0,False,,False,812.0
0727 chen_try.vhdr,pre_rest_06_EC,pre_rest_EC,11.159,837.0,False,,False,837.0
0727 chen_try.vhdr,pre_rest_06_EC,pre_rest_EC,11.961,802.0,False,,False,802.0
0727 chen_try.vhdr,pre_rest_06_EC,pre_rest_EC,12.708,747.0,False,,False,747.0
0727 chen_try.vhdr,pre_rest_06_EC,pre_rest_EC,13.515,807.0,False,,False,807.0
0727 chen_try.vhdr,pre_rest_06_EC,pre_rest_EC,14.354,839.0,False,,False,839.0
0727 chen_try.vhdr,pre_rest_06_EC,pre_rest_EC,15.227,873.0,False,,False,873.0
0727 chen_try.vhdr,pre_rest_06_EC,pre_rest_EC,16.112,885.0,False,,False,885.0
0727 chen_try.vhdr,pre_rest_06_EC,pre_rest_EC,16.96,848.0,False,,False,848.0
0727 chen_try.vhdr,pre_rest_06_EC,pre_rest_EC,17.732,772.0,False,,False,772.0
0727 chen_try.vhdr,pre_rest_06_EC,pre_rest_EC,18.524,792.0,False,,False,792.0
0727 chen_try.vhdr,pre_rest_06_EC,pre_rest_EC,19.333,809.0,False,,False,809.0
0727 chen_try.vhdr,pre_rest_06_EC,pre_rest_EC,20.151,818.0,False,,False,818.0
0727 chen_try.vhdr,pre_rest_06_EC,pre_rest_EC,20.974,823.0,False,,False,823.0
0727 chen_try.vhdr,pre_rest_06_EC,pre_rest_EC,21.759,785.0,False,,False,785.0
0727 chen_try.vhdr,pre_rest_06_EC,pre_rest_EC,22.51,751.0,False,,False,751.0
0727 chen_try.vhdr,pre_rest_06_EC,pre_rest_EC,23.276,766.0,False,,False,766.0
0727 chen_try.vhdr,pre_rest_06_EC,pre_rest_EC,24.058,782.0,False,,False,782.0
0727 chen_try.vhdr,pre_rest_06_EC,pre_rest_EC,24.873,815.0,False,,False,815.0
0727 chen_try.vhdr,pre_rest_06_EC,pre_rest_EC,25.698,825.0,False,,False,825.0
0727 chen_try.vhdr,pre_rest_06_EC,pre_rest_EC,26.537,839.0,False,,False,839.0
0727 chen_try.vhdr,pre_rest_06_EC,pre_rest_EC,27.37,833.0,False,,False,833.0
0727 chen_try.vhdr,pre_rest_06_EC,pre_rest_EC,28.209,839.0,False,,False,839.0
0727 chen_try.vhdr,pre_rest_06_EC,pre_rest_EC,29.023,814.0,False,,False,814.0
0727 chen_try.vhdr,pre_rest_06_EC,pre_rest_EC,29.752,729.0,False,,False,729.0
0727 chen_try.vhdr,pre_rest_06_EC,pre_rest_EC,30.428,676.0,False,,False,676.0
0727 chen_try.vhdr,pre_rest_06_EC,pre_rest_EC,31.095,667.0,False,,False,667.0
0727 chen_try.vhdr,pre_rest_06_EC,pre_rest_EC,31.788,693.0,False,,False,693.0
0727 chen_try.vhdr,pre_rest_06_EC,pre_rest_EC,32.538,750.0,False,,False,750.0
0727 chen_try.vhdr,pre_rest_06_EC,pre_rest_EC,33.437,899.0,False,,False,899.0
0727 chen_try.vhdr,pre_rest_06_EC,pre_rest_EC,34.365,928.0,False,,False,928.0
0727 chen_try.vhdr,pre_rest_06_EC,pre_rest_EC,35.309,944.0,False,,False,944.0
0727 chen_try.vhdr,pre_rest_06_EC,pre_rest_EC,36.238,929.0,False,,False,929.0
0727 chen_try.vhdr,pre_rest_06_EC,pre_rest_EC,37.08,842.0,False,,False,842.0
0727 chen_try.vhdr,pre_rest_06_EC,pre_rest_EC,37.932,852.0,False,,False,852.0
0727 chen_try.vhdr,pre_rest_06_EC,pre_rest_EC,38.809,877.0,False,,False,877.0
0727 chen_try.vhdr,pre_rest_06_EC,pre_rest_EC,39.675,866.0,False,,False,866.0
0727 chen_try.vhdr,pre_rest_06_EC,pre_rest_EC,40.497,822.0,False,,False,822.0
0727 chen_try.vhdr,pre_rest_06_EC,pre_rest_EC,41.241,744.0,False,,False,744.0
0727 chen_try.vhdr,pre_rest_06_EC,pre_rest_EC,41.947,706.0,False,,False,706.0
0727 chen_try.vhdr,pre_rest_06_EC,pre_rest_EC,42.674,727.0,False,,False,727.0
0727 chen_try.vhdr,pre_rest_06_EC,pre_rest_EC,43.407,733.0,False,,False,733.0
0727 chen_try.vhdr,pre_rest_06_EC,pre_rest_EC,44.171,764.0,False,,False,764.0
0727 chen_try.vhdr,pre_rest_06_EC,pre_rest_EC,44.954,783.0,False,,False,783.0
0727 chen_try.vhdr,pre_rest_06_EC,pre_rest_EC,45.682,728.0,False,,False,728.0
0727 chen_try.vhdr,pre_rest_06_EC,pre_rest_EC,46.435,753.0,False,,False,753.0
0727 chen_try.vhdr,pre_rest_06_EC,pre_rest_EC,47.228,793.0,False,,False,793.0
0727 chen_try.vhdr,pre_rest_06_EC,pre_rest_EC,48.087,859.0,False,,False,859.0
0727 chen_try.vhdr,pre_rest_06_EC,pre_rest_EC,48.997,910.0,False,,False,910.0
0727 chen_try.vhdr,pre_rest_06_EC,pre_rest_EC,49.905,908.0,False,,False,908.0
0727 chen_try.vhdr,pre_rest_06_EC,pre_rest_EC,50.707,802.0,False,,False,802.0
0727 chen_try.vhdr,pre_rest_06_EC,pre_rest_EC,51.528,821.0,False,,False,821.0
0727 chen_try.vhdr,pre_rest_06_EC,pre_rest_EC,52.38,852.0,False,,False,852.0
0727 chen_try.vhdr,pre_rest_06_EC,pre_rest_EC,53.248,868.0,False,,False,868.0
0727 chen_try.vhdr,pre_rest_06_EC,pre_rest_EC,54.139,891.0,False,,False,891.0
0727 chen_try.vhdr,pre_rest_06_EC,pre_rest_EC,54.977,838.0,False,,False,838.0
0727 chen_try.vhdr,pre_rest_06_EC,pre_rest_EC,55.753,776.0,False,,False,776.0
0727 chen_try.vhdr,pre_rest_06_EC,pre_rest_EC,56.562,809.0,False,,False,809.0
0727 chen_try.vhdr,pre_rest_06_EC,pre_rest_EC,57.361,799.0,False,,False,799.0
0727 chen_try.vhdr,pre_rest_06_EC,pre_rest_EC,58.227,866.0,False,,False,866.0
0727 chen_try.vhdr,pre_rest_06_EC,pre_rest_EC,59.131,904.0,False,,False,904.0
0727 chen_try.vhdr,pre_rest_06_EC,pre_rest_EC,59.956,825.0,False,,False,825.0
0727 chen_try.vhdr,pre_rest_06_EC,pre_rest_EC,60.806,850.0,False,,False,850.0
0727 chen_try.vhdr,pre_rest_06_EC,pre_rest_EC,61.65,844.0,False,,False,844.0
0727 chen_try.vhdr,pre_rest_06_EC,pre_rest_EC,62.499,849.0,False,,False,849.0
0727 chen_try.vhdr,pre_rest_06_EC,pre_rest_EC,63.36,861.0,False,,False,861.0
0727 chen_try.vhdr,pre_rest_06_EC,pre_rest_EC,64.233,873.0,False,,False,873.0
0727 chen_try.vhdr,pre_rest_06_EC,pre_rest_EC,65.109,876.0,False,,False,876.0
0727 chen_try.vhdr,pre_rest_06_EC,pre_rest_EC,65.916,807.0,False,,False,807.0
0727 chen_try.vhdr,pre_rest_06_EC,pre_rest_EC,66.712,796.0,False,,False,796.0
0727 chen_try.vhdr,pre_rest_06_EC,pre_rest_EC,67.529,817.0,False,,False,817.0
0727 chen_try.vhdr,pre_rest_06_EC,pre_rest_EC,68.375,846.0,False,,False,846.0
0727 chen_try.vhdr,pre_rest_06_EC,pre_rest_EC,69.236,861.0,False,,False,861.0
0727 chen_try.vhdr,pre_rest_06_EC,pre_rest_EC,70.052,816.0,False,,False,816.0
0727 chen_try.vhdr,pre_rest_06_EC,pre_rest_EC,70.866,814.0,False,,False,814.0
0727 chen_try.vhdr,pre_rest_06_EC,pre_rest_EC,71.724,858.0,False,,False,858.0
0727 chen_try.vhdr,pre_rest_06_EC,pre_rest_EC,72.613,889.0,False,,False,889.0
0727 chen_try.vhdr,pre_rest_06_EC,pre_rest_EC,73.506,893.0,False,,False,893.0
0727 chen_try.vhdr,pre_rest_06_EC,pre_rest_EC,74.304,798.0,False,,False,798.0
0727 chen_try.vhdr,pre_rest_06_EC,pre_rest_EC,75.103,799.0,False,,False,799.0
0727 chen_try.vhdr,pre_rest_06_EC,pre_rest_EC,75.895,792.0,False,,False,792.0
0727 chen_try.vhdr,pre_rest_06_EC,pre_rest_EC,76.725,830.0,False,,False,830.0
0727 chen_try.vhdr,pre_rest_06_EC,pre_rest_EC,77.577,852.0,False,,False,852.0
0727 chen_try.vhdr,pre_rest_06_EC,pre_rest_EC,78.4,823.0,False,,False,823.0
0727 chen_try.vhdr,pre_rest_06_EC,pre_rest_EC,79.218,818.0,False,,False,818.0
0727 chen_try.vhdr,pre_rest_06_EC,pre_rest_EC,80.068,850.0,False,,False,850.0
0727 chen_try.vhdr,pre_rest_06_EC,pre_rest_EC,80.94,872.0,False,,False,872.0
0727 chen_try.vhdr,pre_rest_06_EC,pre_rest_EC,81.824,884.0,False,,False,884.0
0727 chen_try.vhdr,pre_rest_06_EC,pre_rest_EC,82.711,887.0,False,,False,887.0
0727 chen_try.vhdr,pre_rest_06_EC,pre_rest_EC,83.555,844.0,False,,False,844.0
0727 chen_try.vhdr,pre_rest_06_EC,pre_rest_EC,84.329,774.0,False,,False,774.0
0727 chen_try.vhdr,pre_rest_06_EC,pre_rest_EC,85.102,773.0,False,,False,773.0
0727 chen_try.vhdr,pre_rest_06_EC,pre_rest_EC,85.886,784.0,False,,False,784.0
0727 chen_try.vhdr,pre_rest_06_EC,pre_rest_EC,86.716,830.0,False,,False,830.0
0727 chen_try.vhdr,pre_rest_06_EC,pre_rest_EC,87.54,824.0,False,,False,824.0
0727 chen_try.vhdr,pre_rest_06_EC,pre_rest_EC,88.287,747.0,False,,False,747.0
0727 chen_try.vhdr,pre_rest_06_EC,pre_rest_EC,88.997,710.0,False,,False,710.0
0727 chen_try.vhdr,pre_rest_06_EC,pre_rest_EC,89.722,725.0,False,,False,725.0
0727 chen_try.vhdr,pre_rest_06_EC,pre_rest_EC,90.483,761.0,False,,False,761.0
0727 chen_try.vhdr,pre_rest_06_EC,pre_rest_EC,91.33,847.0,False,,False,847.0
0727 chen_try.vhdr,pre_rest_06_EC,pre_rest_EC,92.135,805.0,False,,False,805.0
0727 chen_try.vhdr,pre_rest_06_EC,pre_rest_EC,92.871,736.0,False,,False,736.0
0727 chen_try.vhdr,pre_rest_06_EC,pre_rest_EC,93.618,747.0,False,,False,747.0
0727 chen_try.vhdr,pre_rest_06_EC,pre_rest_EC,94.337,719.0,False,,False,719.0
0727 chen_try.vhdr,pre_rest_06_EC,pre_rest_EC,95.126,789.0,False,,False,789.0
0727 chen_try.vhdr,pre_rest_06_EC,pre_rest_EC,95.924,798.0,False,,False,798.0
0727 chen_try.vhdr,pre_rest_06_EC,pre_rest_EC,96.741,817.0,False,,False,817.0
0727 chen_try.vhdr,pre_rest_06_EC,pre_rest_EC,97.51,769.0,False,,False,769.0
0727 chen_try.vhdr,pre_rest_06_EC,pre_rest_EC,98.268,758.0,False,,False,758.0
0727 chen_try.vhdr,pre_rest_06_EC,pre_rest_EC,99.044,776.0,False,,False,776.0
0727 chen_try.vhdr,pre_rest_06_EC,pre_rest_EC,99.852,808.0,False,,False,808.0
0727 chen_try.vhdr,pre_rest_06_EC,pre_rest_EC,100.678,826.0,False,,False,826.0
0727 chen_try.vhdr,pre_rest_06_EC,pre_rest_EC,101.441,763.0,False,,False,763.0
0727 chen_try.vhdr,pre_rest_06_EC,pre_rest_EC,102.194,753.0,False,,False,753.0
0727 chen_try.vhdr,pre_rest_06_EC,pre_rest_EC,102.953,759.0,False,,False,759.0
0727 chen_try.vhdr,pre_rest_06_EC,pre_rest_EC,103.722,769.0,False,,False,769.0
0727 chen_try.vhdr,pre_rest_06_EC,pre_rest_EC,104.493,771.0,False,,False,771.0
0727 chen_try.vhdr,pre_rest_06_EC,pre_rest_EC,105.254,761.0,False,,False,761.0
0727 chen_try.vhdr,pre_rest_06_EC,pre_rest_EC,105.986,732.0,False,,False,732.0
0727 chen_try.vhdr,pre_rest_06_EC,pre_rest_EC,106.76,774.0,False,,False,774.0
0727 chen_try.vhdr,pre_rest_06_EC,pre_rest_EC,107.569,809.0,False,,False,809.0
0727 chen_try.vhdr,pre_rest_06_EC,pre_rest_EC,108.405,836.0,False,,False,836.0
0727 chen_try.vhdr,pre_rest_06_EC,pre_rest_EC,109.246,841.0,False,,False,841.0
0727 chen_try.vhdr,pre_rest_06_EC,pre_rest_EC,110.007,761.0,False,,False,761.0
0727 chen_try.vhdr,pre_rest_06_EC,pre_rest_EC,110.727,720.0,False,,False,720.0
0727 chen_try.vhdr,pre_rest_06_EC,pre_rest_EC,111.449,722.0,False,,False,722.0
0727 chen_try.vhdr,pre_rest_06_EC,pre_rest_EC,112.174,725.0,False,,False,725.0
0727 chen_try.vhdr,pre_rest_06_EC,pre_rest_EC,112.923,749.0,False,,False,749.0
0727 chen_try.vhdr,pre_rest_06_EC,pre_rest_EC,113.719,796.0,False,,False,796.0
0727 chen_try.vhdr,pre_rest_06_EC,pre_rest_EC,114.474,755.0,False,,False,755.0
0727 chen_try.vhdr,pre_rest_06_EC,pre_rest_EC,115.257,783.0,False,,False,783.0
0727 chen_try.vhdr,pre_rest_06_EC,pre_rest_EC,116.085,828.0,False,,False,828.0
0727 chen_try.vhdr,pre_rest_06_EC,pre_rest_EC,116.94,855.0,False,,False,855.0
0727 chen_try.vhdr,pre_rest_06_EC,pre_rest_EC,117.797,857.0,False,,False,857.0
0727 chen_try.vhdr,pre_rest_06_EC,pre_rest_EC,118.586,789.0,False,,False,789.0
0727 chen_try.vhdr,pre_rest_06_EC,pre_rest_EC,119.385,799.0,False,,False,799.0
0727 chen_try.vhdr,pre_rest_06_EC,pre_rest_EC,120.186,801.0,False,,False,801.0
0727 chen_try.vhdr,pre_rest_06_EC,pre_rest_EC,120.966,780.0,False,,False,780.0
0727 chen_try.vhdr,pre_rest_06_EC,pre_rest_EC,121.7,734.0,False,,False,734.0
0727 chen_try.vhdr,pre_rest_06_EC,pre_rest_EC,122.427,727.0,False,,False,727.0
0727 chen_try.vhdr,pre_rest_06_EC,pre_rest_EC,123.175,748.0,False,,False,748.0
0727 chen_try.vhdr,pre_rest_06_EC,pre_rest_EC,123.926,751.0,False,,False,751.0
0727 chen_try.vhdr,pre_rest_06_EC,pre_rest_EC,124.694,768.0,False,,False,768.0
0727 chen_try.vhdr,pre_rest_06_EC,pre_rest_EC,125.448,754.0,False,,False,754.0
0727 chen_try.vhdr,post_rest_01_EO,post_rest_EO,1.244,722.0,False,,False,722.0
0727 chen_try.vhdr,post_rest_01_EO,post_rest_EO,2.002,758.0,False,,False,758.0
0727 chen_try.vhdr,post_rest_01_EO,post_rest_EO,2.787,785.0,False,,False,785.0
0727 chen_try.vhdr,post_rest_01_EO,post_rest_EO,3.587,800.0,False,,False,800.0
0727 chen_try.vhdr,post_rest_01_EO,post_rest_EO,4.379,792.0,False,,False,792.0
0727 chen_try.vhdr,post_rest_01_EO,post_rest_EO,5.172,793.0,False,,False,793.0
0727 chen_try.vhdr,post_rest_01_EO,post_rest_EO,5.958,786.0,False,,False,786.0
0727 chen_try.vhdr,post_rest_01_EO,post_rest_EO,6.744,786.0,False,,False,786.0
0727 chen_try.vhdr,post_rest_01_EO,post_rest_EO,7.477,733.0,False,,False,733.0
0727 chen_try.vhdr,post_rest_01_EO,post_rest_EO,8.179,702.0,False,,False,702.0
0727 chen_try.vhdr,post_rest_01_EO,post_rest_EO,8.909,730.0,False,,False,730.0
0727 chen_try.vhdr,post_rest_01_EO,post_rest_EO,9.649,740.0,False,,False,740.0
0727 chen_try.vhdr,post_rest_01_EO,post_rest_EO,10.471,822.0,False,,False,822.0
0727 chen_try.vhdr,post_rest_01_EO,post_rest_EO,11.307,836.0,False,,False,836.0
0727 chen_try.vhdr,post_rest_01_EO,post_rest_EO,12.098,791.0,False,,False,791.0
0727 chen_try.vhdr,post_rest_01_EO,post_rest_EO,12.905,807.0,False,,False,807.0
0727 chen_try.vhdr,post_rest_01_EO,post_rest_EO,13.789,884.0,False,,False,884.0
0727 chen_try.vhdr,post_rest_01_EO,post_rest_EO,14.678,889.0,False,,False,889.0
0727 chen_try.vhdr,post_rest_01_EO,post_rest_EO,15.592,914.0,False,,False,914.0
0727 chen_try.vhdr,post_rest_01_EO,post_rest_EO,16.415,823.0,False,,False,823.0
0727 chen_try.vhdr,post_rest_01_EO,post_rest_EO,17.238,823.0,False,,False,823.0
0727 chen_try.vhdr,post_rest_01_EO,post_rest_EO,18.046,808.0,False,,False,808.0
0727 chen_try.vhdr,post_rest_01_EO,post_rest_EO,18.87,824.0,False,,False,824.0
0727 chen_try.vhdr,post_rest_01_EO,post_rest_EO,19.669,799.0,False,,False,799.0
0727 chen_try.vhdr,post_rest_01_EO,post_rest_EO,20.439,770.0,False,,False,770.0
0727 chen_try.vhdr,post_rest_01_EO,post_rest_EO,21.224,785.0,False,,False,785.0
0727 chen_try.vhdr,post_rest_01_EO,post_rest_EO,22.035,811.0,False,,False,811.0
0727 chen_try.vhdr,post_rest_01_EO,post_rest_EO,22.929,894.0,False,,False,894.0
0727 chen_try.vhdr,post_rest_01_EO,post_rest_EO,23.815,886.0,False,,False,886.0
0727 chen_try.vhdr,post_rest_01_EO,post_rest_EO,24.679,864.0,False,,False,864.0
0727 chen_try.vhdr,post_rest_01_EO,post_rest_EO,25.472,793.0,False,,False,793.0
0727 chen_try.vhdr,post_rest_01_EO,post_rest_EO,26.307,835.0,False,,False,835.0
0727 chen_try.vhdr,post_rest_01_EO,post_rest_EO,27.135,828.0,False,,False,828.0
0727 chen_try.vhdr,post_rest_01_EO,post_rest_EO,27.976,841.0,False,,False,841.0
0727 chen_try.vhdr,post_rest_01_EO,post_rest_EO,28.771,795.0,False,,False,795.0
0727 chen_try.vhdr,post_rest_01_EO,post_rest_EO,29.549,778.0,False,,False,778.0
0727 chen_try.vhdr,post_rest_01_EO,post_rest_EO,30.333,784.0,False,,False,784.0
0727 chen_try.vhdr,post_rest_01_EO,post_rest_EO,31.149,816.0,False,,False,816.0
0727 chen_try.vhdr,post_rest_01_EO,post_rest_EO,32.003,854.0,False,,False,854.0
0727 chen_try.vhdr,post_rest_01_EO,post_rest_EO,32.826,823.0,False,,False,823.0
0727 chen_try.vhdr,post_rest_01_EO,post_rest_EO,33.603,777.0,False,,False,777.0
0727 chen_try.vhdr,post_rest_01_EO,post_rest_EO,34.429,826.0,False,,False,826.0
0727 chen_try.vhdr,post_rest_01_EO,post_rest_EO,35.278,849.0,False,,False,849.0
0727 chen_try.vhdr,post_rest_01_EO,post_rest_EO,36.13,852.0,False,,False,852.0
0727 chen_try.vhdr,post_rest_01_EO,post_rest_EO,36.911,781.0,False,,False,781.0
0727 chen_try.vhdr,post_rest_01_EO,post_rest_EO,37.718,807.0,False,,False,807.0
0727 chen_try.vhdr,post_rest_01_EO,post_rest_EO,38.512,794.0,False,,False,794.0
0727 chen_try.vhdr,post_rest_01_EO,post_rest_EO,39.333,821.0,False,,False,821.0
0727 chen_try.vhdr,post_rest_01_EO,post_rest_EO,40.095,762.0,False,,False,762.0
0727 chen_try.vhdr,post_rest_01_EO,post_rest_EO,40.838,743.0,False,,False,743.0
0727 chen_try.vhdr,post_rest_01_EO,post_rest_EO,41.624,786.0,False,,False,786.0
0727 chen_try.vhdr,post_rest_01_EO,post_rest_EO,42.45,826.0,False,,False,826.0
0727 chen_try.vhdr,post_rest_01_EO,post_rest_EO,43.318,868.0,False,,False,868.0
0727 chen_try.vhdr,post_rest_01_EO,post_rest_EO,44.18,862.0,False,,False,862.0
0727 chen_try.vhdr,post_rest_01_EO,post_rest_EO,44.964,784.0,False,,False,784.0
0727 chen_try.vhdr,post_rest_01_EO,post_rest_EO,45.768,804.0,False,,False,804.0
0727 chen_try.vhdr,post_rest_01_EO,post_rest_EO,46.561,793.0,False,,False,793.0
0727 chen_try.vhdr,post_rest_01_EO,post_rest_EO,47.344,783.0,False,,False,783.0
0727 chen_try.vhdr,post_rest_01_EO,post_rest_EO,48.08,736.0,False,,False,736.0
0727 chen_try.vhdr,post_rest_01_EO,post_rest_EO,48.853,773.0,False,,False,773.0
0727 chen_try.vhdr,post_rest_01_EO,post_rest_EO,49.642,789.0,False,,False,789.0
0727 chen_try.vhdr,post_rest_01_EO,post_rest_EO,50.447,805.0,False,,False,805.0
0727 chen_try.vhdr,post_rest_01_EO,post_rest_EO,51.264,817.0,False,,False,817.0
0727 chen_try.vhdr,post_rest_01_EO,post_rest_EO,52.029,765.0,False,,False,765.0
0727 chen_try.vhdr,post_rest_01_EO,post_rest_EO,52.816,787.0,False,,False,787.0
0727 chen_try.vhdr,post_rest_01_EO,post_rest_EO,53.614,798.0,False,,False,798.0
0727 chen_try.vhdr,post_rest_01_EO,post_rest_EO,54.425,811.0,False,,False,811.0
0727 chen_try.vhdr,post_rest_01_EO,post_rest_EO,55.223,798.0,False,,False,798.0
0727 chen_try.vhdr,post_rest_01_EO,post_rest_EO,55.956,733.0,False,,False,733.0
0727 chen_try.vhdr,post_rest_01_EO,post_rest_EO,56.682,726.0,False,,False,726.0
0727 chen_try.vhdr,post_rest_01_EO,post_rest_EO,57.426,744.0,False,,False,744.0
0727 chen_try.vhdr,post_rest_01_EO,post_rest_EO,58.192,766.0,False,,False,766.0
0727 chen_try.vhdr,post_rest_01_EO,post_rest_EO,58.98,788.0,False,,False,788.0
0727 chen_try.vhdr,post_rest_01_EO,post_rest_EO,59.743,763.0,False,,False,763.0
0727 chen_try.vhdr,post_rest_01_EO,post_rest_EO,60.486,743.0,False,,False,743.0
0727 chen_try.vhdr,post_rest_01_EO,post_rest_EO,61.271,785.0,False,,False,785.0
0727 chen_try.vhdr,post_rest_01_EO,post_rest_EO,62.057,786.0,False,,False,786.0
0727 chen_try.vhdr,post_rest_01_EO,post_rest_EO,62.854,797.0,False,,False,797.0
0727 chen_try.vhdr,post_rest_01_EO,post_rest_EO,63.651,797.0,False,,False,797.0
0727 chen_try.vhdr,post_rest_01_EO,post_rest_EO,64.395,744.0,False,,False,744.0
0727 chen_try.vhdr,post_rest_01_EO,post_rest_EO,65.18,785.0,False,,False,785.0
0727 chen_try.vhdr,post_rest_01_EO,post_rest_EO,65.98,800.0,False,,False,800.0
0727 chen_try.vhdr,post_rest_01_EO,post_rest_EO,66.824,844.0,False,,False,844.0
0727 chen_try.vhdr,post_rest_01_EO,post_rest_EO,67.63,806.0,False,,False,806.0
0727 chen_try.vhdr,post_rest_01_EO,post_rest_EO,68.453,823.0,False,,False,823.0
0727 chen_try.vhdr,post_rest_01_EO,post_rest_EO,69.282,829.0,False,,False,829.0
0727 chen_try.vhdr,post_rest_01_EO,post_rest_EO,70.109,827.0,False,,False,827.0
0727 chen_try.vhdr,post_rest_01_EO,post_rest_EO,70.893,784.0,False,,False,784.0
0727 chen_try.vhdr,post_rest_01_EO,post_rest_EO,71.637,744.0,False,,False,744.0
0727 chen_try.vhdr,post_rest_01_EO,post_rest_EO,72.421,784.0,False,,False,784.0
0727 chen_try.vhdr,post_rest_01_EO,post_rest_EO,73.206,785.0,False,,False,785.0
0727 chen_try.vhdr,post_rest_01_EO,post_rest_EO,73.997,791.0,False,,False,791.0
0727 chen_try.vhdr,post_rest_01_EO,post_rest_EO,74.745,748.0,False,,False,748.0
0727 chen_try.vhdr,post_rest_01_EO,post_rest_EO,75.533,788.0,False,,False,788.0
0727 chen_try.vhdr,post_rest_01_EO,post_rest_EO,76.341,808.0,False,,False,808.0
0727 chen_try.vhdr,post_rest_01_EO,post_rest_EO,77.172,831.0,False,,False,831.0
0727 chen_try.vhdr,post_rest_01_EO,post_rest_EO,78.021,849.0,False,,False,849.0
0727 chen_try.vhdr,post_rest_01_EO,post_rest_EO,78.786,765.0,False,,False,765.0
0727 chen_try.vhdr,post_rest_01_EO,post_rest_EO,79.544,758.0,False,,False,758.0
0727 chen_try.vhdr,post_rest_01_EO,post_rest_EO,80.301,757.0,False,,False,757.0
0727 chen_try.vhdr,post_rest_01_EO,post_rest_EO,81.075,774.0,False,,False,774.0
0727 chen_try.vhdr,post_rest_01_EO,post_rest_EO,81.822,747.0,False,,False,747.0
0727 chen_try.vhdr,post_rest_01_EO,post_rest_EO,82.581,759.0,False,,False,759.0
0727 chen_try.vhdr,post_rest_01_EO,post_rest_EO,83.362,781.0,False,,False,781.0
0727 chen_try.vhdr,post_rest_01_EO,post_rest_EO,84.163,801.0,False,,False,801.0
0727 chen_try.vhdr,post_rest_01_EO,post_rest_EO,84.986,823.0,False,,False,823.0
0727 chen_try.vhdr,post_rest_01_EO,post_rest_EO,85.741,755.0,False,,False,755.0
0727 chen_try.vhdr,post_rest_01_EO,post_rest_EO,86.484,743.0,False,,False,743.0
0727 chen_try.vhdr,post_rest_01_EO,post_rest_EO,87.235,751.0,False,,False,751.0
0727 chen_try.vhdr,post_rest_01_EO,post_rest_EO,87.979,744.0,False,,False,744.0
0727 chen_try.vhdr,post_rest_01_EO,post_rest_EO,88.684,705.0,False,,False,705.0
0727 chen_try.vhdr,post_rest_01_EO,post_rest_EO,89.372,688.0,False,,False,688.0
0727 chen_try.vhdr,post_rest_01_EO,post_rest_EO,90.062,690.0,False,,False,690.0
0727 chen_try.vhdr,post_rest_01_EO,post_rest_EO,90.73,668.0,False,,False,668.0
0727 chen_try.vhdr,post_rest_01_EO,post_rest_EO,91.386,656.0,False,,False,656.0
0727 chen_try.vhdr,post_rest_01_EO,post_rest_EO,92.062,676.0,False,,False,676.0
0727 chen_try.vhdr,post_rest_01_EO,post_rest_EO,92.751,689.0,False,,False,689.0
0727 chen_try.vhdr,post_rest_01_EO,post_rest_EO,93.469,718.0,False,,False,718.0
0727 chen_try.vhdr,post_rest_01_EO,post_rest_EO,94.215,746.0,False,,False,746.0
0727 chen_try.vhdr,post_rest_01_EO,post_rest_EO,94.949,734.0,False,,False,734.0
0727 chen_try.vhdr,post_rest_01_EO,post_rest_EO,95.728,779.0,False,,False,779.0
0727 chen_try.vhdr,post_rest_01_EO,post_rest_EO,96.524,796.0,False,,False,796.0
0727 chen_try.vhdr,post_rest_01_EO,post_rest_EO,97.305,781.0,False,,False,781.0
0727 chen_try.vhdr,post_rest_01_EO,post_rest_EO,98.042,737.0,False,,False,737.0
0727 chen_try.vhdr,post_rest_01_EO,post_rest_EO,98.837,795.0,False,,False,795.0
0727 chen_try.vhdr,post_rest_01_EO,post_rest_EO,99.671,834.0,False,,False,834.0
0727 chen_try.vhdr,post_rest_01_EO,post_rest_EO,100.531,860.0,False,,False,860.0
0727 chen_try.vhdr,post_rest_01_EO,post_rest_EO,101.363,832.0,False,,False,832.0
0727 chen_try.vhdr,post_rest_01_EO,post_rest_EO,102.153,790.0,False,,False,790.0
0727 chen_try.vhdr,post_rest_01_EO,post_rest_EO,102.958,805.0,False,,False,805.0
0727 chen_try.vhdr,post_rest_01_EO,post_rest_EO,103.752,794.0,False,,False,794.0
0727 chen_try.vhdr,post_rest_01_EO,post_rest_EO,104.569,817.0,False,,False,817.0
0727 chen_try.vhdr,post_rest_01_EO,post_rest_EO,105.346,777.0,False,,False,777.0
0727 chen_try.vhdr,post_rest_01_EO,post_rest_EO,106.132,786.0,False,,False,786.0
0727 chen_try.vhdr,post_rest_01_EO,post_rest_EO,106.941,809.0,False,,False,809.0
0727 chen_try.vhdr,post_rest_01_EO,post_rest_EO,107.786,845.0,False,,False,845.0
0727 chen_try.vhdr,post_rest_01_EO,post_rest_EO,108.65,864.0,False,,False,864.0
0727 chen_try.vhdr,post_rest_01_EO,post_rest_EO,109.492,842.0,False,,False,842.0
0727 chen_try.vhdr,post_rest_01_EO,post_rest_EO,110.263,771.0,False,,False,771.0
0727 chen_try.vhdr,post_rest_01_EO,post_rest_EO,111.073,810.0,False,,False,810.0
0727 chen_try.vhdr,post_rest_01_EO,post_rest_EO,111.876,803.0,False,,False,803.0
0727 chen_try.vhdr,post_rest_01_EO,post_rest_EO,112.667,791.0,False,,False,791.0
0727 chen_try.vhdr,post_rest_01_EO,post_rest_EO,113.472,805.0,False,,False,805.0
0727 chen_try.vhdr,post_rest_01_EO,post_rest_EO,114.228,756.0,False,,False,756.0
0727 chen_try.vhdr,post_rest_01_EO,post_rest_EO,115.009,781.0,False,,False,781.0
0727 chen_try.vhdr,post_rest_01_EO,post_rest_EO,115.796,787.0,False,,False,787.0
0727 chen_try.vhdr,post_rest_01_EO,post_rest_EO,116.602,806.0,False,,False,806.0
0727 chen_try.vhdr,post_rest_01_EO,post_rest_EO,117.376,774.0,False,,False,774.0
0727 chen_try.vhdr,post_rest_01_EO,post_rest_EO,118.115,739.0,False,,False,739.0
0727 chen_try.vhdr,post_rest_01_EO,post_rest_EO,118.913,798.0,False,,False,798.0
0727 chen_try.vhdr,post_rest_01_EO,post_rest_EO,119.731,818.0,False,,False,818.0
0727 chen_try.vhdr,post_rest_01_EO,post_rest_EO,120.568,837.0,False,,False,837.0
0727 chen_try.vhdr,post_rest_01_EO,post_rest_EO,121.39,822.0,False,,False,822.0
0727 chen_try.vhdr,post_rest_02_EC,post_rest_EC,1.317,738.0,False,,False,738.0
0727 chen_try.vhdr,post_rest_02_EC,post_rest_EC,2.082,765.0,False,,False,765.0
0727 chen_try.vhdr,post_rest_02_EC,post_rest_EC,2.876,794.0,False,,False,794.0
0727 chen_try.vhdr,post_rest_02_EC,post_rest_EC,3.722,846.0,False,,False,846.0
0727 chen_try.vhdr,post_rest_02_EC,post_rest_EC,4.59,868.0,False,,False,868.0
0727 chen_try.vhdr,post_rest_02_EC,post_rest_EC,5.366,776.0,False,,False,776.0
0727 chen_try.vhdr,post_rest_02_EC,post_rest_EC,6.182,816.0,False,,False,816.0
0727 chen_try.vhdr,post_rest_02_EC,post_rest_EC,7.007,825.0,False,,False,825.0
0727 chen_try.vhdr,post_rest_02_EC,post_rest_EC,7.843,836.0,False,,False,836.0
0727 chen_try.vhdr,post_rest_02_EC,post_rest_EC,8.668,825.0,False,,False,825.0
0727 chen_try.vhdr,post_rest_02_EC,post_rest_EC,9.419,751.0,False,,False,751.0
0727 chen_try.vhdr,post_rest_02_EC,post_rest_EC,10.203,784.0,False,,False,784.0
0727 chen_try.vhdr,post_rest_02_EC,post_rest_EC,10.996,793.0,False,,False,793.0
0727 chen_try.vhdr,post_rest_02_EC,post_rest_EC,11.835,839.0,False,,False,839.0
0727 chen_try.vhdr,post_rest_02_EC,post_rest_EC,12.713,878.0,False,,False,878.0
0727 chen_try.vhdr,post_rest_02_EC,post_rest_EC,13.485,772.0,False,,False,772.0
0727 chen_try.vhdr,post_rest_02_EC,post_rest_EC,14.293,808.0,False,,False,808.0
0727 chen_try.vhdr,post_rest_02_EC,post_rest_EC,15.1,807.0,False,,False,807.0
0727 chen_try.vhdr,post_rest_02_EC,post_rest_EC,15.941,841.0,False,,False,841.0
0727 chen_try.vhdr,post_rest_02_EC,post_rest_EC,16.828,887.0,False,,False,887.0
0727 chen_try.vhdr,post_rest_02_EC,post_rest_EC,17.596,768.0,False,,False,768.0
0727 chen_try.vhdr,post_rest_02_EC,post_rest_EC,18.431,835.0,False,,False,835.0
0727 chen_try.vhdr,post_rest_02_EC,post_rest_EC,19.267,836.0,False,,False,836.0
0727 chen_try.vhdr,post_rest_02_EC,post_rest_EC,20.123,856.0,False,,False,856.0
0727 chen_try.vhdr,post_rest_02_EC,post_rest_EC,20.963,840.0,False,,False,840.0
0727 chen_try.vhdr,post_rest_02_EC,post_rest_EC,21.764,801.0,False,,False,801.0
0727 chen_try.vhdr,post_rest_02_EC,post_rest_EC,22.566,802.0,False,,False,802.0
0727 chen_try.vhdr,post_rest_02_EC,post_rest_EC,23.352,786.0,False,,False,786.0
0727 chen_try.vhdr,post_rest_02_EC,post_rest_EC,24.137,785.0,False,,False,785.0
0727 chen_try.vhdr,post_rest_02_EC,post_rest_EC,24.873,736.0,False,,False,736.0
0727 chen_try.vhdr,post_rest_02_EC,post_rest_EC,25.596,723.0,False,,False,723.0
0727 chen_try.vhdr,post_rest_02_EC,post_rest_EC,26.342,746.0,False,,False,746.0
0727 chen_try.vhdr,post_rest_02_EC,post_rest_EC,27.12,778.0,False,,False,778.0
0727 chen_try.vhdr,post_rest_02_EC,post_rest_EC,27.966,846.0,False,,False,846.0
0727 chen_try.vhdr,post_rest_02_EC,post_rest_EC,28.871,905.0,False,,False,905.0
0727 chen_try.vhdr,post_rest_02_EC,post_rest_EC,29.68,809.0,False,,False,809.0
0727 chen_try.vhdr,post_rest_02_EC,post_rest_EC,30.506,826.0,False,,False,826.0
0727 chen_try.vhdr,post_rest_02_EC,post_rest_EC,31.335,829.0,False,,False,829.0
0727 chen_try.vhdr,post_rest_02_EC,post_rest_EC,32.158,823.0,False,,False,823.0
0727 chen_try.vhdr,post_rest_02_EC,post_rest_EC,32.941,783.0,False,,False,783.0
0727 chen_try.vhdr,post_rest_02_EC,post_rest_EC,33.681,740.0,False,,False,740.0
0727 chen_try.vhdr,post_rest_02_EC,post_rest_EC,34.452,771.0,False,,False,771.0
0727 chen_try.vhdr,post_rest_02_EC,post_rest_EC,35.224,772.0,False,,False,772.0
0727 chen_try.vhdr,post_rest_02_EC,post_rest_EC,36.025,801.0,False,,False,801.0
0727 chen_try.vhdr,post_rest_02_EC,post_rest_EC,36.777,752.0,False,,False,752.0
0727 chen_try.vhdr,post_rest_02_EC,post_rest_EC,37.566,789.0,False,,False,789.0
0727 chen_try.vhdr,post_rest_02_EC,post_rest_EC,38.402,836.0,False,,False,836.0
0727 chen_try.vhdr,post_rest_02_EC,post_rest_EC,39.282,880.0,False,,False,880.0
0727 chen_try.vhdr,post_rest_02_EC,post_rest_EC,40.193,911.0,False,,False,911.0
0727 chen_try.vhdr,post_rest_02_EC,post_rest_EC,40.995,802.0,False,,False,802.0
0727 chen_try.vhdr,post_rest_02_EC,post_rest_EC,41.834,839.0,False,,False,839.0
0727 chen_try.vhdr,post_rest_02_EC,post_rest_EC,42.67,836.0,False,,False,836.0
0727 chen_try.vhdr,post_rest_02_EC,post_rest_EC,43.521,851.0,False,,False,851.0
0727 chen_try.vhdr,post_rest_02_EC,post_rest_EC,44.297,776.0,False,,False,776.0
0727 chen_try.vhdr,post_rest_02_EC,post_rest_EC,45.055,758.0,False,,False,758.0
0727 chen_try.vhdr,post_rest_02_EC,post_rest_EC,45.84,785.0,False,,False,785.0
0727 chen_try.vhdr,post_rest_02_EC,post_rest_EC,46.639,799.0,False,,False,799.0
0727 chen_try.vhdr,post_rest_02_EC,post_rest_EC,47.465,826.0,False,,False,826.0
0727 chen_try.vhdr,post_rest_02_EC,post_rest_EC,48.24,775.0,False,,False,775.0
0727 chen_try.vhdr,post_rest_02_EC,post_rest_EC,48.969,729.0,False,,False,729.0
0727 chen_try.vhdr,post_rest_02_EC,post_rest_EC,49.731,762.0,False,,False,762.0
0727 chen_try.vhdr,post_rest_02_EC,post_rest_EC,50.52,789.0,False,,False,789.0
0727 chen_try.vhdr,post_rest_02_EC,post_rest_EC,51.355,835.0,False,,False,835.0
0727 chen_try.vhdr,post_rest_02_EC,post_rest_EC,52.114,759.0,False,,False,759.0
0727 chen_try.vhdr,post_rest_02_EC,post_rest_EC,52.912,798.0,False,,False,798.0
0727 chen_try.vhdr,post_rest_02_EC,post_rest_EC,53.715,803.0,False,,False,803.0
0727 chen_try.vhdr,post_rest_02_EC,post_rest_EC,54.521,806.0,False,,False,806.0
0727 chen_try.vhdr,post_rest_02_EC,post_rest_EC,55.291,770.0,False,,False,770.0
0727 chen_try.vhdr,post_rest_02_EC,post_rest_EC,56.025,734.0,False,,False,734.0
0727 chen_try.vhdr,post_rest_02_EC,post_rest_EC,56.782,757.0,False,,False,757.0
0727 chen_try.vhdr,post_rest_02_EC,post_rest_EC,57.548,766.0,False,,False,766.0
0727 chen_try.vhdr,post_rest_02_EC,post_rest_EC,58.326,778.0,False,,False,778.0
0727 chen_try.vhdr,post_rest_02_EC,post_rest_EC,59.05,724.0,False,,False,724.0
0727 chen_try.vhdr,post_rest_02_EC,post_rest_EC,59.766,716.0,False,,False,716.0
0727 chen_try.vhdr,post_rest_02_EC,post_rest_EC,60.499,733.0,False,,False,733.0
0727 chen_try.vhdr,post_rest_02_EC,post_rest_EC,61.261,762.0,False,,False,762.0
0727 chen_try.vhdr,post_rest_02_EC,post_rest_EC,62.049,788.0,False,,False,788.0
0727 chen_try.vhdr,post_rest_02_EC,post_rest_EC,62.807,758.0,False,,False,758.0
0727 chen_try.vhdr,post_rest_02_EC,post_rest_EC,63.515,708.0,False,,False,708.0
0727 chen_try.vhdr,post_rest_02_EC,post_rest_EC,64.237,722.0,False,,False,722.0
0727 chen_try.vhdr,post_rest_02_EC,post_rest_EC,64.969,732.0,False,,False,732.0
0727 chen_try.vhdr,post_rest_02_EC,post_rest_EC,65.717,748.0,False,,False,748.0
0727 chen_try.vhdr,post_rest_02_EC,post_rest_EC,66.436,719.0,False,,False,719.0
0727 chen_try.vhdr,post_rest_02_EC,post_rest_EC,67.133,697.0,False,,False,697.0
0727 chen_try.vhdr,post_rest_02_EC,post_rest_EC,67.863,730.0,False,,False,730.0
0727 chen_try.vhdr,post_rest_02_EC,post_rest_EC,68.607,744.0,False,,False,744.0
0727 chen_try.vhdr,post_rest_02_EC,post_rest_EC,69.363,756.0,False,,False,756.0
0727 chen_try.vhdr,post_rest_02_EC,post_rest_EC,70.135,772.0,False,,False,772.0
0727 chen_try.vhdr,post_rest_02_EC,post_rest_EC,70.862,727.0,False,,False,727.0
0727 chen_try.vhdr,post_rest_02_EC,post_rest_EC,71.597,735.0,False,,False,735.0
0727 chen_try.vhdr,post_rest_02_EC,post_rest_EC,72.347,750.0,False,,False,750.0
0727 chen_try.vhdr,post_rest_02_EC,post_rest_EC,73.121,774.0,False,,False,774.0
0727 chen_try.vhdr,post_rest_02_EC,post_rest_EC,73.888,767.0,False,,False,767.0
0727 chen_try.vhdr,post_rest_02_EC,post_rest_EC,74.599,711.0,False,,False,711.0
0727 chen_try.vhdr,post_rest_02_EC,post_rest_EC,75.353,754.0,False,,False,754.0
0727 chen_try.vhdr,post_rest_02_EC,post_rest_EC,76.118,765.0,False,,False,765.0
0727 chen_try.vhdr,post_rest_02_EC,post_rest_EC,76.918,800.0,False,,False,800.0
0727 chen_try.vhdr,post_rest_02_EC,post_rest_EC,77.735,817.0,False,,False,817.0
0727 chen_try.vhdr,post_rest_02_EC,post_rest_EC,78.487,752.0,False,,False,752.0
0727 chen_try.vhdr,post_rest_02_EC,post_rest_EC,79.232,745.0,False,,False,745.0
0727 chen_try.vhdr,post_rest_02_EC,post_rest_EC,80.004,772.0,False,,False,772.0
0727 chen_try.vhdr,post_rest_02_EC,post_rest_EC,80.828,824.0,False,,False,824.0
0727 chen_try.vhdr,post_rest_02_EC,post_rest_EC,81.692,864.0,False,,False,864.0
0727 chen_try.vhdr,post_rest_02_EC,post_rest_EC,82.535,843.0,False,,False,843.0
0727 chen_try.vhdr,post_rest_02_EC,post_rest_EC,83.287,752.0,False,,False,752.0
0727 chen_try.vhdr,post_rest_02_EC,post_rest_EC,84.037,750.0,False,,False,750.0
0727 chen_try.vhdr,post_rest_02_EC,post_rest_EC,84.792,755.0,False,,False,755.0
0727 chen_try.vhdr,post_rest_02_EC,post_rest_EC,85.594,802.0,False,,False,802.0
0727 chen_try.vhdr,post_rest_02_EC,post_rest_EC,86.445,851.0,False,,False,851.0
0727 chen_try.vhdr,post_rest_02_EC,post_rest_EC,87.302,857.0,False,,False,857.0
0727 chen_try.vhdr,post_rest_02_EC,post_rest_EC,88.074,772.0,False,,False,772.0
0727 chen_try.vhdr,post_rest_02_EC,post_rest_EC,88.887,813.0,False,,False,813.0
0727 chen_try.vhdr,post_rest_02_EC,post_rest_EC,89.715,828.0,False,,False,828.0
0727 chen_try.vhdr,post_rest_02_EC,post_rest_EC,90.585,870.0,False,,False,870.0
0727 chen_try.vhdr,post_rest_02_EC,post_rest_EC,91.389,804.0,False,,False,804.0
0727 chen_try.vhdr,post_rest_02_EC,post_rest_EC,92.118,729.0,False,,False,729.0
0727 chen_try.vhdr,post_rest_02_EC,post_rest_EC,92.805,687.0,False,,False,687.0
0727 chen_try.vhdr,post_rest_02_EC,post_rest_EC,93.535,730.0,False,,False,730.0
0727 chen_try.vhdr,post_rest_02_EC,post_rest_EC,94.281,746.0,False,,False,746.0
0727 chen_try.vhdr,post_rest_02_EC,post_rest_EC,95.069,788.0,False,,False,788.0
0727 chen_try.vhdr,post_rest_02_EC,post_rest_EC,95.887,818.0,False,,False,818.0
0727 chen_try.vhdr,post_rest_02_EC,post_rest_EC,96.723,836.0,False,,False,836.0
0727 chen_try.vhdr,post_rest_02_EC,post_rest_EC,97.536,813.0,False,,False,813.0
0727 chen_try.vhdr,post_rest_02_EC,post_rest_EC,98.298,762.0,False,,False,762.0
0727 chen_try.vhdr,post_rest_02_EC,post_rest_EC,99.072,774.0,False,,False,774.0
0727 chen_try.vhdr,post_rest_02_EC,post_rest_EC,99.848,776.0,False,,False,776.0
0727 chen_try.vhdr,post_rest_02_EC,post_rest_EC,100.638,790.0,False,,False,790.0
0727 chen_try.vhdr,post_rest_02_EC,post_rest_EC,101.371,733.0,False,,False,733.0
0727 chen_try.vhdr,post_rest_02_EC,post_rest_EC,102.12,749.0,False,,False,749.0
0727 chen_try.vhdr,post_rest_02_EC,post_rest_EC,102.87,750.0,False,,False,750.0
0727 chen_try.vhdr,post_rest_02_EC,post_rest_EC,103.648,778.0,False,,False,778.0
0727 chen_try.vhdr,post_rest_02_EC,post_rest_EC,104.425,777.0,False,,False,777.0
0727 chen_try.vhdr,post_rest_02_EC,post_rest_EC,105.166,741.0,False,,False,741.0
0727 chen_try.vhdr,post_rest_02_EC,post_rest_EC,105.932,766.0,False,,False,766.0
0727 chen_try.vhdr,post_rest_02_EC,post_rest_EC,106.702,770.0,False,,False,770.0
0727 chen_try.vhdr,post_rest_02_EC,post_rest_EC,107.485,783.0,False,,False,783.0
0727 chen_try.vhdr,post_rest_02_EC,post_rest_EC,108.235,750.0,False,,False,750.0
0727 chen_try.vhdr,post_rest_02_EC,post_rest_EC,108.993,758.0,False,,False,758.0
0727 chen_try.vhdr,post_rest_02_EC,post_rest_EC,109.742,749.0,False,,False,749.0
0727 chen_try.vhdr,post_rest_02_EC,post_rest_EC,110.503,761.0,False,,False,761.0
0727 chen_try.vhdr,post_rest_02_EC,post_rest_EC,111.244,741.0,False,,False,741.0
0727 chen_try.vhdr,post_rest_02_EC,post_rest_EC,111.945,701.0,False,,False,701.0
0727 chen_try.vhdr,post_rest_02_EC,post_rest_EC,112.673,728.0,False,,False,728.0
0727 chen_try.vhdr,post_rest_02_EC,post_rest_EC,113.405,732.0,False,,False,732.0
0727 chen_try.vhdr,post_rest_02_EC,post_rest_EC,114.163,758.0,False,,False,758.0
0727 chen_try.vhdr,post_rest_02_EC,post_rest_EC,114.89,727.0,False,,False,727.0
0727 chen_try.vhdr,post_rest_02_EC,post_rest_EC,115.591,701.0,False,,False,701.0
0727 chen_try.vhdr,post_rest_02_EC,post_rest_EC,116.324,733.0,False,,False,733.0
0727 chen_try.vhdr,post_rest_02_EC,post_rest_EC,117.06,736.0,False,,False,736.0
0727 chen_try.vhdr,post_rest_02_EC,post_rest_EC,117.803,743.0,False,,False,743.0
0727 chen_try.vhdr,post_rest_02_EC,post_rest_EC,118.519,716.0,False,,False,716.0
0727 chen_try.vhdr,post_rest_02_EC,post_rest_EC,119.237,718.0,False,,False,718.0
0727 chen_try.vhdr,post_rest_02_EC,post_rest_EC,119.971,734.0,False,,False,734.0
0727 chen_try.vhdr,post_rest_02_EC,post_rest_EC,120.727,756.0,False,,False,756.0
0727 chen_try.vhdr,post_rest_03_EO,post_rest_EO,1.429,744.0,False,,False,744.0
0727 chen_try.vhdr,post_rest_03_EO,post_rest_EO,2.233,804.0,False,,False,804.0
0727 chen_try.vhdr,post_rest_03_EO,post_rest_EO,3.118,885.0,False,,False,885.0
0727 chen_try.vhdr,post_rest_03_EO,post_rest_EO,4.026,908.0,False,,False,908.0
0727 chen_try.vhdr,post_rest_03_EO,post_rest_EO,4.872,846.0,False,,False,846.0
0727 chen_try.vhdr,post_rest_03_EO,post_rest_EO,5.704,832.0,False,,False,832.0
0727 chen_try.vhdr,post_rest_03_EO,post_rest_EO,6.519,815.0,False,,False,815.0
0727 chen_try.vhdr,post_rest_03_EO,post_rest_EO,7.32,801.0,False,,False,801.0
0727 chen_try.vhdr,post_rest_03_EO,post_rest_EO,8.057,737.0,False,,False,737.0
0727 chen_try.vhdr,post_rest_03_EO,post_rest_EO,8.78,723.0,False,,False,723.0
0727 chen_try.vhdr,post_rest_03_EO,post_rest_EO,9.519,739.0,False,,False,739.0
0727 chen_try.vhdr,post_rest_03_EO,post_rest_EO,10.276,757.0,False,,False,757.0
0727 chen_try.vhdr,post_rest_03_EO,post_rest_EO,11.087,811.0,False,,False,811.0
0727 chen_try.vhdr,post_rest_03_EO,post_rest_EO,11.939,852.0,False,,False,852.0
0727 chen_try.vhdr,post_rest_03_EO,post_rest_EO,12.733,794.0,False,,False,794.0
0727 chen_try.vhdr,post_rest_03_EO,post_rest_EO,13.554,821.0,False,,False,821.0
0727 chen_try.vhdr,post_rest_03_EO,post_rest_EO,14.395,841.0,False,,False,841.0
0727 chen_try.vhdr,post_rest_03_EO,post_rest_EO,15.243,848.0,False,,False,848.0
0727 chen_try.vhdr,post_rest_03_EO,post_rest_EO,16.043,800.0,False,,False,800.0
0727 chen_try.vhdr,post_rest_03_EO,post_rest_EO,16.855,812.0,False,,False,812.0
0727 chen_try.vhdr,post_rest_03_EO,post_rest_EO,17.663,808.0,False,,False,808.0
0727 chen_try.vhdr,post_rest_03_EO,post_rest_EO,18.459,796.0,False,,False,796.0
0727 chen_try.vhdr,post_rest_03_EO,post_rest_EO,19.225,766.0,False,,False,766.0
0727 chen_try.vhdr,post_rest_03_EO,post_rest_EO,20.051,826.0,False,,False,826.0
0727 chen_try.vhdr,post_rest_03_EO,post_rest_EO,20.897,846.0,False,,False,846.0
0727 chen_try.vhdr,post_rest_03_EO,post_rest_EO,21.774,877.0,False,,False,877.0
0727 chen_try.vhdr,post_rest_03_EO,post_rest_EO,22.582,808.0,False,,False,808.0
0727 chen_try.vhdr,post_rest_03_EO,post_rest_EO,23.4,818.0,False,,False,818.0
0727 chen_try.vhdr,post_rest_03_EO,post_rest_EO,24.208,808.0,False,,False,808.0
0727 chen_try.vhdr,post_rest_03_EO,post_rest_EO,25.018,810.0,False,,False,810.0
0727 chen_try.vhdr,post_rest_03_EO,post_rest_EO,25.781,763.0,False,,False,763.0
0727 chen_try.vhdr,post_rest_03_EO,post_rest_EO,26.598,817.0,False,,False,817.0
0727 chen_try.vhdr,post_rest_03_EO,post_rest_EO,27.449,851.0,False,,False,851.0
0727 chen_try.vhdr,post_rest_03_EO,post_rest_EO,28.301,852.0,False,,False,852.0
0727 chen_try.vhdr,post_rest_03_EO,post_rest_EO,29.104,803.0,False,,False,803.0
0727 chen_try.vhdr,post_rest_03_EO,post_rest_EO,29.889,785.0,False,,False,785.0
0727 chen_try.vhdr,post_rest_03_EO,post_rest_EO,30.674,785.0,False,,False,785.0
0727 chen_try.vhdr,post_rest_03_EO,post_rest_EO,31.466,792.0,False,,False,792.0
0727 chen_try.vhdr,post_rest_03_EO,post_rest_EO,32.229,763.0,False,,False,763.0
0727 chen_try.vhdr,post_rest_03_EO,post_rest_EO,33.005,776.0,False,,False,776.0
0727 chen_try.vhdr,post_rest_03_EO,post_rest_EO,33.807,802.0,False,,False,802.0
0727 chen_try.vhdr,post_rest_03_EO,post_rest_EO,34.648,841.0,False,,False,841.0
0727 chen_try.vhdr,post_rest_03_EO,post_rest_EO,35.494,846.0,False,,False,846.0
0727 chen_try.vhdr,post_rest_03_EO,post_rest_EO,36.312,818.0,False,,False,818.0
0727 chen_try.vhdr,post_rest_03_EO,post_rest_EO,37.128,816.0,False,,False,816.0
0727 chen_try.vhdr,post_rest_03_EO,post_rest_EO,37.935,807.0,False,,False,807.0
0727 chen_try.vhdr,post_rest_03_EO,post_rest_EO,38.674,739.0,False,,False,739.0
0727 chen_try.vhdr,post_rest_03_EO,post_rest_EO,39.441,767.0,False,,False,767.0
0727 chen_try.vhdr,post_rest_03_EO,post_rest_EO,40.231,790.0,False,,False,790.0
0727 chen_try.vhdr,post_rest_03_EO,post_rest_EO,41.082,851.0,False,,False,851.0
0727 chen_try.vhdr,post_rest_03_EO,post_rest_EO,41.875,793.0,False,,False,793.0
0727 chen_try.vhdr,post_rest_03_EO,post_rest_EO,42.677,802.0,False,,False,802.0
0727 chen_try.vhdr,post_rest_03_EO,post_rest_EO,43.493,816.0,False,,False,816.0
0727 chen_try.vhdr,post_rest_03_EO,post_rest_EO,44.311,818.0,False,,False,818.0
0727 chen_try.vhdr,post_rest_03_EO,post_rest_EO,45.091,780.0,False,,False,780.0
0727 chen_try.vhdr,post_rest_03_EO,post_rest_EO,45.845,754.0,False,,False,754.0
0727 chen_try.vhdr,post_rest_03_EO,post_rest_EO,46.626,781.0,False,,False,781.0
0727 chen_try.vhdr,post_rest_03_EO,post_rest_EO,47.437,811.0,False,,False,811.0
0727 chen_try.vhdr,post_rest_03_EO,post_rest_EO,48.271,834.0,False,,False,834.0
0727 chen_try.vhdr,post_rest_03_EO,post_rest_EO,49.065,794.0,False,,False,794.0
0727 chen_try.vhdr,post_rest_03_EO,post_rest_EO,49.919,854.0,False,,False,854.0
0727 chen_try.vhdr,post_rest_03_EO,post_rest_EO,50.772,853.0,False,,False,853.0
0727 chen_try.vhdr,post_rest_03_EO,post_rest_EO,51.609,837.0,False,,False,837.0
0727 chen_try.vhdr,post_rest_03_EO,post_rest_EO,52.386,777.0,False,,False,777.0
0727 chen_try.vhdr,post_rest_03_EO,post_rest_EO,53.179,793.0,False,,False,793.0
0727 chen_try.vhdr,post_rest_03_EO,post_rest_EO,53.973,794.0,False,,False,794.0
0727 chen_try.vhdr,post_rest_03_EO,post_rest_EO,54.758,785.0,False,,False,785.0
0727 chen_try.vhdr,post_rest_03_EO,post_rest_EO,55.485,727.0,False,,False,727.0
0727 chen_try.vhdr,post_rest_03_EO,post_rest_EO,56.223,738.0,False,,False,738.0
0727 chen_try.vhdr,post_rest_03_EO,post_rest_EO,56.979,756.0,False,,False,756.0
0727 chen_try.vhdr,post_rest_03_EO,post_rest_EO,57.789,810.0,False,,False,810.0
0727 chen_try.vhdr,post_rest_03_EO,post_rest_EO,58.621,832.0,False,,False,832.0
0727 chen_try.vhdr,post_rest_03_EO,post_rest_EO,59.42,799.0,False,,False,799.0
0727 chen_try.vhdr,post_rest_03_EO,post_rest_EO,60.259,839.0,False,,False,839.0
0727 chen_try.vhdr,post_rest_03_EO,post_rest_EO,61.105,846.0,False,,False,846.0
0727 chen_try.vhdr,post_rest_03_EO,post_rest_EO,61.9,795.0,False,,False,795.0
0727 chen_try.vhdr,post_rest_03_EO,post_rest_EO,62.659,759.0,False,,False,759.0
0727 chen_try.vhdr,post_rest_03_EO,post_rest_EO,63.434,775.0,False,,False,775.0
0727 chen_try.vhdr,post_rest_03_EO,post_rest_EO,64.201,767.0,False,,False,767.0
0727 chen_try.vhdr,post_rest_03_EO,post_rest_EO,64.937,736.0,False,,False,736.0
0727 chen_try.vhdr,post_rest_03_EO,post_rest_EO,65.663,726.0,False,,False,726.0
0727 chen_try.vhdr,post_rest_03_EO,post_rest_EO,66.408,745.0,False,,False,745.0
0727 chen_try.vhdr,post_rest_03_EO,post_rest_EO,67.174,766.0,False,,False,766.0
0727 chen_try.vhdr,post_rest_03_EO,post_rest_EO,67.921,747.0,False,,False,747.0
0727 chen_try.vhdr,post_rest_03_EO,post_rest_EO,68.645,724.0,False,,False,724.0
0727 chen_try.vhdr,post_rest_03_EO,post_rest_EO,69.399,754.0,False,,False,754.0
0727 chen_try.vhdr,post_rest_03_EO,post_rest_EO,70.164,765.0,False,,False,765.0
0727 chen_try.vhdr,post_rest_03_EO,post_rest_EO,70.937,773.0,False,,False,773.0
0727 chen_try.vhdr,post_rest_03_EO,post_rest_EO,71.65,713.0,False,,False,713.0
0727 chen_try.vhdr,post_rest_03_EO,post_rest_EO,72.381,731.0,False,,False,731.0
0727 chen_try.vhdr,post_rest_03_EO,post_rest_EO,73.13,749.0,False,,False,749.0
0727 chen_try.vhdr,post_rest_03_EO,post_rest_EO,73.91,780.0,False,,False,780.0
0727 chen_try.vhdr,post_rest_03_EO,post_rest_EO,74.723,813.0,False,,False,813.0
0727 chen_try.vhdr,post_rest_03_EO,post_rest_EO,75.472,749.0,False,,False,749.0
0727 chen_try.vhdr,post_rest_03_EO,post_rest_EO,76.241,769.0,False,,False,769.0
0727 chen_try.vhdr,post_rest_03_EO,post_rest_EO,77.003,762.0,False,,False,762.0
0727 chen_try.vhdr,post_rest_03_EO,post_rest_EO,77.765,762.0,False,,False,762.0
0727 chen_try.vhdr,post_rest_03_EO,post_rest_EO,78.485,720.0,False,,False,720.0
0727 chen_try.vhdr,post_rest_03_EO,post_rest_EO,79.238,753.0,False,,False,753.0
0727 chen_try.vhdr,post_rest_03_EO,post_rest_EO,80.002,764.0,False,,False,764.0
0727 chen_try.vhdr,post_rest_03_EO,post_rest_EO,80.742,740.0,False,,False,740.0
0727 chen_try.vhdr,post_rest_03_EO,post_rest_EO,81.44,698.0,False,,False,698.0
0727 chen_try.vhdr,post_rest_03_EO,post_rest_EO,82.181,741.0,False,,False,741.0
0727 chen_try.vhdr,post_rest_03_EO,post_rest_EO,82.959,778.0,False,,False,778.0
0727 chen_try.vhdr,post_rest_03_EO,post_rest_EO,83.824,865.0,False,,False,865.0
0727 chen_try.vhdr,post_rest_03_EO,post_rest_EO,84.683,859.0,False,,False,859.0
0727 chen_try.vhdr,post_rest_03_EO,post_rest_EO,85.489,806.0,False,,False,806.0
0727 chen_try.vhdr,post_rest_03_EO,post_rest_EO,86.312,823.0,False,,False,823.0
0727 chen_try.vhdr,post_rest_03_EO,post_rest_EO,87.12,808.0,False,,False,808.0
0727 chen_try.vhdr,post_rest_03_EO,post_rest_EO,87.867,747.0,False,,False,747.0
0727 chen_try.vhdr,post_rest_03_EO,post_rest_EO,88.64,773.0,False,,False,773.0
0727 chen_try.vhdr,post_rest_03_EO,post_rest_EO,89.424,784.0,False,,False,784.0
0727 chen_try.vhdr,post_rest_03_EO,post_rest_EO,90.226,802.0,False,,False,802.0
0727 chen_try.vhdr,post_rest_03_EO,post_rest_EO,90.973,747.0,False,,False,747.0
0727 chen_try.vhdr,post_rest_03_EO,post_rest_EO,91.761,788.0,False,,False,788.0
0727 chen_try.vhdr,post_rest_03_EO,post_rest_EO,92.554,793.0,False,,False,793.0
0727 chen_try.vhdr,post_rest_03_EO,post_rest_EO,93.365,811.0,False,,False,811.0
0727 chen_try.vhdr,post_rest_03_EO,post_rest_EO,94.098,733.0,False,,False,733.0
0727 chen_try.vhdr,post_rest_03_EO,post_rest_EO,94.861,763.0,False,,False,763.0
0727 chen_try.vhdr,post_rest_03_EO,post_rest_EO,95.632,771.0,False,,False,771.0
0727 chen_try.vhdr,post_rest_03_EO,post_rest_EO,96.421,789.0,False,,False,789.0
0727 chen_try.vhdr,post_rest_03_EO,post_rest_EO,97.172,751.0,False,,False,751.0
0727 chen_try.vhdr,post_rest_03_EO,post_rest_EO,97.974,802.0,False,,False,802.0
0727 chen_try.vhdr,post_rest_03_EO,post_rest_EO,98.814,840.0,False,,False,840.0
0727 chen_try.vhdr,post_rest_03_EO,post_rest_EO,99.69,876.0,False,,False,876.0
0727 chen_try.vhdr,post_rest_03_EO,post_rest_EO,100.489,799.0,False,,False,799.0
0727 chen_try.vhdr,post_rest_03_EO,post_rest_EO,101.311,822.0,False,,False,822.0
0727 chen_try.vhdr,post_rest_03_EO,post_rest_EO,102.125,814.0,False,,False,814.0
0727 chen_try.vhdr,post_rest_03_EO,post_rest_EO,102.914,789.0,False,,False,789.0
0727 chen_try.vhdr,post_rest_03_EO,post_rest_EO,103.638,724.0,False,,False,724.0
0727 chen_try.vhdr,post_rest_03_EO,post_rest_EO,104.373,735.0,False,,False,735.0
0727 chen_try.vhdr,post_rest_03_EO,post_rest_EO,105.111,738.0,False,,False,738.0
0727 chen_try.vhdr,post_rest_03_EO,post_rest_EO,105.867,756.0,False,,False,756.0
0727 chen_try.vhdr,post_rest_03_EO,post_rest_EO,106.619,752.0,False,,False,752.0
0727 chen_try.vhdr,post_rest_03_EO,post_rest_EO,107.483,864.0,False,,False,864.0
0727 chen_try.vhdr,post_rest_03_EO,post_rest_EO,108.37,887.0,False,,False,887.0
0727 chen_try.vhdr,post_rest_03_EO,post_rest_EO,109.17,800.0,False,,False,800.0
0727 chen_try.vhdr,post_rest_03_EO,post_rest_EO,109.996,826.0,False,,False,826.0
0727 chen_try.vhdr,post_rest_03_EO,post_rest_EO,110.835,839.0,False,,False,839.0
0727 chen_try.vhdr,post_rest_03_EO,post_rest_EO,111.617,782.0,False,,False,782.0
0727 chen_try.vhdr,post_rest_03_EO,post_rest_EO,112.367,750.0,False,,False,750.0
0727 chen_try.vhdr,post_rest_03_EO,post_rest_EO,113.157,790.0,False,,False,790.0
0727 chen_try.vhdr,post_rest_03_EO,post_rest_EO,113.974,817.0,False,,False,817.0
0727 chen_try.vhdr,post_rest_03_EO,post_rest_EO,114.755,781.0,False,,False,781.0
0727 chen_try.vhdr,post_rest_03_EO,post_rest_EO,115.505,750.0,False,,False,750.0
0727 chen_try.vhdr,post_rest_03_EO,post_rest_EO,116.286,781.0,False,,False,781.0
0727 chen_try.vhdr,post_rest_03_EO,post_rest_EO,117.082,796.0,False,,False,796.0
0727 chen_try.vhdr,post_rest_03_EO,post_rest_EO,117.869,787.0,False,,False,787.0
0727 chen_try.vhdr,post_rest_03_EO,post_rest_EO,118.617,748.0,False,,False,748.0
0727 chen_try.vhdr,post_rest_03_EO,post_rest_EO,119.417,800.0,False,,False,800.0
0727 chen_try.vhdr,post_rest_03_EO,post_rest_EO,120.228,811.0,False,,False,811.0
0727 chen_try.vhdr,post_rest_04_EC,post_rest_EC,1.769,856.0,False,,False,856.0
0727 chen_try.vhdr,post_rest_04_EC,post_rest_EC,2.63,861.0,False,,False,861.0
0727 chen_try.vhdr,post_rest_04_EC,post_rest_EC,3.468,838.0,False,,False,838.0
0727 chen_try.vhdr,post_rest_04_EC,post_rest_EC,4.2,732.0,False,,False,732.0
0727 chen_try.vhdr,post_rest_04_EC,post_rest_EC,4.955,755.0,False,,False,755.0
0727 chen_try.vhdr,post_rest_04_EC,post_rest_EC,5.71,755.0,False,,False,755.0
0727 chen_try.vhdr,post_rest_04_EC,post_rest_EC,6.488,778.0,False,,False,778.0
0727 chen_try.vhdr,post_rest_04_EC,post_rest_EC,7.277,789.0,False,,False,789.0
0727 chen_try.vhdr,post_rest_04_EC,post_rest_EC,8.057,780.0,False,,False,780.0
0727 chen_try.vhdr,post_rest_04_EC,post_rest_EC,8.832,775.0,False,,False,775.0
0727 chen_try.vhdr,post_rest_04_EC,post_rest_EC,9.605,773.0,False,,False,773.0
0727 chen_try.vhdr,post_rest_04_EC,post_rest_EC,10.395,790.0,False,,False,790.0
0727 chen_try.vhdr,post_rest_04_EC,post_rest_EC,11.183,788.0,False,,False,788.0
0727 chen_try.vhdr,post_rest_04_EC,post_rest_EC,11.945,762.0,False,,False,762.0
0727 chen_try.vhdr,post_rest_04_EC,post_rest_EC,12.739,794.0,False,,False,794.0
0727 chen_try.vhdr,post_rest_04_EC,post_rest_EC,13.537,798.0,False,,False,798.0
0727 chen_try.vhdr,post_rest_04_EC,post_rest_EC,14.375,838.0,False,,False,838.0
0727 chen_try.vhdr,post_rest_04_EC,post_rest_EC,15.139,764.0,False,,False,764.0
0727 chen_try.vhdr,post_rest_04_EC,post_rest_EC,15.884,745.0,False,,False,745.0
0727 chen_try.vhdr,post_rest_04_EC,post_rest_EC,16.644,760.0,False,,False,760.0
0727 chen_try.vhdr,post_rest_04_EC,post_rest_EC,17.42,776.0,False,,False,776.0
0727 chen_try.vhdr,post_rest_04_EC,post_rest_EC,18.217,797.0,False,,False,797.0
0727 chen_try.vhdr,post_rest_04_EC,post_rest_EC,19.01,793.0,False,,False,793.0
0727 chen_try.vhdr,post_rest_04_EC,post_rest_EC,19.752,742.0,False,,False,742.0
0727 chen_try.vhdr,post_rest_04_EC,post_rest_EC,20.499,747.0,False,,False,747.0
0727 chen_try.vhdr,post_rest_04_EC,post_rest_EC,21.248,749.0,False,,False,749.0
0727 chen_try.vhdr,post_rest_04_EC,post_rest_EC,22.014,766.0,False,,False,766.0
0727 chen_try.vhdr,post_rest_04_EC,post_rest_EC,22.797,783.0,False,,False,783.0
0727 chen_try.vhdr,post_rest_04_EC,post_rest_EC,23.573,776.0,False,,False,776.0
0727 chen_try.vhdr,post_rest_04_EC,post_rest_EC,24.327,754.0,False,,False,754.0
0727 chen_try.vhdr,post_rest_04_EC,post_rest_EC,25.102,775.0,False,,False,775.0
0727 chen_try.vhdr,post_rest_04_EC,post_rest_EC,25.891,789.0,False,,False,789.0
0727 chen_try.vhdr,post_rest_04_EC,post_rest_EC,26.689,798.0,False,,False,798.0
0727 chen_try.vhdr,post_rest_04_EC,post_rest_EC,27.466,777.0,False,,False,777.0
0727 chen_try.vhdr,post_rest_04_EC,post_rest_EC,28.175,709.0,False,,False,709.0
0727 chen_try.vhdr,post_rest_04_EC,post_rest_EC,28.939,764.0,False,,False,764.0
0727 chen_try.vhdr,post_rest_04_EC,post_rest_EC,29.701,762.0,False,,False,762.0
0727 chen_try.vhdr,post_rest_04_EC,post_rest_EC,30.486,785.0,False,,False,785.0
0727 chen_try.vhdr,post_rest_04_EC,post_rest_EC,31.284,798.0,False,,False,798.0
0727 chen_try.vhdr,post_rest_04_EC,post_rest_EC,32.028,744.0,False,,False,744.0
0727 chen_try.vhdr,post_rest_04_EC,post_rest_EC,32.81,782.0,False,,False,782.0
0727 chen_try.vhdr,post_rest_04_EC,post_rest_EC,33.606,796.0,False,,False,796.0
0727 chen_try.vhdr,post_rest_04_EC,post_rest_EC,34.432,826.0,False,,False,826.0
0727 chen_try.vhdr,post_rest_04_EC,post_rest_EC,35.233,801.0,False,,False,801.0
0727 chen_try.vhdr,post_rest_04_EC,post_rest_EC,35.999,766.0,False,,False,766.0
0727 chen_try.vhdr,post_rest_04_EC,post_rest_EC,36.775,776.0,False,,False,776.0
0727 chen_try.vhdr,post_rest_04_EC,post_rest_EC,37.564,789.0,False,,False,789.0
0727 chen_try.vhdr,post_rest_04_EC,post_rest_EC,38.364,800.0,False,,False,800.0
0727 chen_try.vhdr,post_rest_04_EC,post_rest_EC,39.109,745.0,False,,False,745.0
0727 chen_try.vhdr,post_rest_04_EC,post_rest_EC,39.883,774.0,False,,False,774.0
0727 chen_try.vhdr,post_rest_04_EC,post_rest_EC,40.666,783.0,False,,False,783.0
0727 chen_try.vhdr,post_rest_04_EC,post_rest_EC,41.481,815.0,False,,False,815.0
0727 chen_try.vhdr,post_rest_04_EC,post_rest_EC,42.272,791.0,False,,False,791.0
0727 chen_try.vhdr,post_rest_04_EC,post_rest_EC,42.979,707.0,False,,False,707.0
0727 chen_try.vhdr,post_rest_04_EC,post_rest_EC,43.695,716.0,False,,False,716.0
0727 chen_try.vhdr,post_rest_04_EC,post_rest_EC,44.429,734.0,False,,False,734.0
0727 chen_try.vhdr,post_rest_04_EC,post_rest_EC,45.203,774.0,False,,False,774.0
0727 chen_try.vhdr,post_rest_04_EC,post_rest_EC,46.075,872.0,False,,False,872.0
0727 chen_try.vhdr,post_rest_04_EC,post_rest_EC,46.961,886.0,True,global_mad,True,831.0
0727 chen_try.vhdr,post_rest_04_EC,post_rest_EC,47.751,790.0,False,,False,790.0
0727 chen_try.vhdr,post_rest_04_EC,post_rest_EC,48.55,799.0,False,,False,799.0
0727 chen_try.vhdr,post_rest_04_EC,post_rest_EC,49.341,791.0,False,,False,791.0
0727 chen_try.vhdr,post_rest_04_EC,post_rest_EC,50.155,814.0,False,,False,814.0
0727 chen_try.vhdr,post_rest_04_EC,post_rest_EC,50.975,820.0,False,,False,820.0
0727 chen_try.vhdr,post_rest_04_EC,post_rest_EC,51.732,757.0,False,,False,757.0
0727 chen_try.vhdr,post_rest_04_EC,post_rest_EC,52.497,765.0,False,,False,765.0
0727 chen_try.vhdr,post_rest_04_EC,post_rest_EC,53.248,751.0,False,,False,751.0
0727 chen_try.vhdr,post_rest_04_EC,post_rest_EC,54.019,771.0,False,,False,771.0
0727 chen_try.vhdr,post_rest_04_EC,post_rest_EC,54.812,793.0,False,,False,793.0
0727 chen_try.vhdr,post_rest_04_EC,post_rest_EC,55.564,752.0,False,,False,752.0
0727 chen_try.vhdr,post_rest_04_EC,post_rest_EC,56.354,790.0,False,,False,790.0
0727 chen_try.vhdr,post_rest_04_EC,post_rest_EC,57.169,815.0,False,,False,815.0
0727 chen_try.vhdr,post_rest_04_EC,post_rest_EC,58.01,841.0,False,,False,841.0
0727 chen_try.vhdr,post_rest_04_EC,post_rest_EC,58.779,769.0,False,,False,769.0
0727 chen_try.vhdr,post_rest_04_EC,post_rest_EC,59.566,787.0,False,,False,787.0
0727 chen_try.vhdr,post_rest_04_EC,post_rest_EC,60.37,804.0,False,,False,804.0
0727 chen_try.vhdr,post_rest_04_EC,post_rest_EC,61.208,838.0,False,,False,838.0
0727 chen_try.vhdr,post_rest_04_EC,post_rest_EC,62.048,840.0,False,,False,840.0
0727 chen_try.vhdr,post_rest_04_EC,post_rest_EC,62.813,765.0,False,,False,765.0
0727 chen_try.vhdr,post_rest_04_EC,post_rest_EC,63.617,804.0,False,,False,804.0
0727 chen_try.vhdr,post_rest_04_EC,post_rest_EC,64.423,806.0,False,,False,806.0
0727 chen_try.vhdr,post_rest_04_EC,post_rest_EC,65.238,815.0,False,,False,815.0
0727 chen_try.vhdr,post_rest_04_EC,post_rest_EC,66.016,778.0,False,,False,778.0
0727 chen_try.vhdr,post_rest_04_EC,post_rest_EC,66.763,747.0,False,,False,747.0
0727 chen_try.vhdr,post_rest_04_EC,post_rest_EC,67.552,789.0,False,,False,789.0
0727 chen_try.vhdr,post_rest_04_EC,post_rest_EC,68.378,826.0,False,,False,826.0
0727 chen_try.vhdr,post_rest_04_EC,post_rest_EC,69.222,844.0,False,,False,844.0
0727 chen_try.vhdr,post_rest_04_EC,post_rest_EC,70.01,788.0,False,,False,788.0
0727 chen_try.vhdr,post_rest_04_EC,post_rest_EC,70.812,802.0,False,,False,802.0
0727 chen_try.vhdr,post_rest_04_EC,post_rest_EC,71.61,798.0,False,,False,798.0
0727 chen_try.vhdr,post_rest_04_EC,post_rest_EC,72.413,803.0,False,,False,803.0
0727 chen_try.vhdr,post_rest_04_EC,post_rest_EC,73.179,766.0,False,,False,766.0
0727 chen_try.vhdr,post_rest_04_EC,post_rest_EC,73.914,735.0,False,,False,735.0
0727 chen_try.vhdr,post_rest_04_EC,post_rest_EC,74.691,777.0,False,,False,777.0
0727 chen_try.vhdr,post_rest_04_EC,post_rest_EC,75.479,788.0,False,,False,788.0
0727 chen_try.vhdr,post_rest_04_EC,post_rest_EC,76.307,828.0,False,,False,828.0
0727 chen_try.vhdr,post_rest_04_EC,post_rest_EC,77.099,792.0,False,,False,792.0
0727 chen_try.vhdr,post_rest_04_EC,post_rest_EC,77.896,797.0,False,,False,797.0
0727 chen_try.vhdr,post_rest_04_EC,post_rest_EC,78.709,813.0,False,,False,813.0
0727 chen_try.vhdr,post_rest_04_EC,post_rest_EC,79.531,822.0,False,,False,822.0
0727 chen_try.vhdr,post_rest_04_EC,post_rest_EC,80.336,805.0,False,,False,805.0
0727 chen_try.vhdr,post_rest_04_EC,post_rest_EC,81.079,743.0,False,,False,743.0
0727 chen_try.vhdr,post_rest_04_EC,post_rest_EC,81.863,784.0,False,,False,784.0
0727 chen_try.vhdr,post_rest_04_EC,post_rest_EC,82.641,778.0,False,,False,778.0
0727 chen_try.vhdr,post_rest_04_EC,post_rest_EC,83.441,800.0,False,,False,800.0
0727 chen_try.vhdr,post_rest_04_EC,post_rest_EC,84.212,771.0,False,,False,771.0
0727 chen_try.vhdr,post_rest_04_EC,post_rest_EC,84.974,762.0,False,,False,762.0
0727 chen_try.vhdr,post_rest_04_EC,post_rest_EC,85.78,806.0,False,,False,806.0
0727 chen_try.vhdr,post_rest_04_EC,post_rest_EC,86.625,845.0,False,,False,845.0
0727 chen_try.vhdr,post_rest_04_EC,post_rest_EC,87.482,857.0,False,,False,857.0
0727 chen_try.vhdr,post_rest_04_EC,post_rest_EC,88.268,786.0,False,,False,786.0
0727 chen_try.vhdr,post_rest_04_EC,post_rest_EC,89.092,824.0,False,,False,824.0
0727 chen_try.vhdr,post_rest_04_EC,post_rest_EC,89.919,827.0,False,,False,827.0
0727 chen_try.vhdr,post_rest_04_EC,post_rest_EC,90.737,818.0,False,,False,818.0
0727 chen_try.vhdr,post_rest_04_EC,post_rest_EC,91.481,744.0,False,,False,744.0
0727 chen_try.vhdr,post_rest_04_EC,post_rest_EC,92.251,770.0,False,,False,770.0
0727 chen_try.vhdr,post_rest_04_EC,post_rest_EC,93.031,780.0,False,,False,780.0
0727 chen_try.vhdr,post_rest_04_EC,post_rest_EC,93.864,833.0,False,,False,833.0
0727 chen_try.vhdr,post_rest_04_EC,post_rest_EC,94.645,781.0,False,,False,781.0
0727 chen_try.vhdr,post_rest_04_EC,post_rest_EC,95.433,788.0,False,,False,788.0
0727 chen_try.vhdr,post_rest_04_EC,post_rest_EC,96.217,784.0,False,,False,784.0
0727 chen_try.vhdr,post_rest_04_EC,post_rest_EC,97.024,807.0,False,,False,807.0
0727 chen_try.vhdr,post_rest_04_EC,post_rest_EC,97.776,752.0,False,,False,752.0
0727 chen_try.vhdr,post_rest_04_EC,post_rest_EC,98.547,771.0,False,,False,771.0
0727 chen_try.vhdr,post_rest_04_EC,post_rest_EC,99.326,779.0,False,,False,779.0
0727 chen_try.vhdr,post_rest_04_EC,post_rest_EC,100.133,807.0,False,,False,807.0
0727 chen_try.vhdr,post_rest_04_EC,post_rest_EC,100.917,784.0,False,,False,784.0
0727 chen_try.vhdr,post_rest_04_EC,post_rest_EC,101.661,744.0,False,,False,744.0
0727 chen_try.vhdr,post_rest_04_EC,post_rest_EC,102.444,783.0,False,,False,783.0
0727 chen_try.vhdr,post_rest_04_EC,post_rest_EC,103.235,791.0,False,,False,791.0
0727 chen_try.vhdr,post_rest_04_EC,post_rest_EC,103.998,763.0,False,,False,763.0
0727 chen_try.vhdr,post_rest_04_EC,post_rest_EC,104.739,741.0,False,,False,741.0
0727 chen_try.vhdr,post_rest_04_EC,post_rest_EC,105.506,767.0,False,,False,767.0
0727 chen_try.vhdr,post_rest_04_EC,post_rest_EC,106.283,777.0,False,,False,777.0
0727 chen_try.vhdr,post_rest_04_EC,post_rest_EC,107.068,785.0,False,,False,785.0
0727 chen_try.vhdr,post_rest_04_EC,post_rest_EC,107.801,733.0,False,,False,733.0
0727 chen_try.vhdr,post_rest_04_EC,post_rest_EC,108.562,761.0,False,,False,761.0
0727 chen_try.vhdr,post_rest_04_EC,post_rest_EC,109.333,771.0,False,,False,771.0
0727 chen_try.vhdr,post_rest_04_EC,post_rest_EC,110.117,784.0,False,,False,784.0
0727 chen_try.vhdr,post_rest_04_EC,post_rest_EC,110.854,737.0,False,,False,737.0
0727 chen_try.vhdr,post_rest_04_EC,post_rest_EC,111.616,762.0,False,,False,762.0
0727 chen_try.vhdr,post_rest_04_EC,post_rest_EC,112.39,774.0,False,,False,774.0
0727 chen_try.vhdr,post_rest_04_EC,post_rest_EC,113.173,783.0,False,,False,783.0
0727 chen_try.vhdr,post_rest_04_EC,post_rest_EC,113.898,725.0,False,,False,725.0
0727 chen_try.vhdr,post_rest_04_EC,post_rest_EC,114.657,759.0,False,,False,759.0
0727 chen_try.vhdr,post_rest_04_EC,post_rest_EC,115.452,795.0,False,,False,795.0
0727 chen_try.vhdr,post_rest_04_EC,post_rest_EC,116.324,872.0,False,,False,872.0
0727 chen_try.vhdr,post_rest_04_EC,post_rest_EC,117.133,809.0,False,,False,809.0
0727 chen_try.vhdr,post_rest_04_EC,post_rest_EC,117.934,801.0,False,,False,801.0
0727 chen_try.vhdr,post_rest_04_EC,post_rest_EC,118.731,797.0,False,,False,797.0
0727 chen_try.vhdr,post_rest_04_EC,post_rest_EC,119.519,788.0,False,,False,788.0
0727 chen_try.vhdr,post_rest_04_EC,post_rest_EC,120.267,748.0,False,,False,748.0
0727 chen_try.vhdr,post_rest_05_EO,post_rest_EO,1.482,775.0,False,,False,775.0
0727 chen_try.vhdr,post_rest_05_EO,post_rest_EO,2.261,779.0,False,,False,779.0
0727 chen_try.vhdr,post_rest_05_EO,post_rest_EO,3.054,793.0,False,,False,793.0
0727 chen_try.vhdr,post_rest_05_EO,post_rest_EO,3.813,759.0,False,,False,759.0
0727 chen_try.vhdr,post_rest_05_EO,post_rest_EO,4.579,766.0,False,,False,766.0
0727 chen_try.vhdr,post_rest_05_EO,post_rest_EO,5.361,782.0,False,,False,782.0
0727 chen_try.vhdr,post_rest_05_EO,post_rest_EO,6.162,801.0,False,,False,801.0
0727 chen_try.vhdr,post_rest_05_EO,post_rest_EO,6.996,834.0,False,,False,834.0
0727 chen_try.vhdr,post_rest_05_EO,post_rest_EO,7.787,791.0,False,,False,791.0
0727 chen_try.vhdr,post_rest_05_EO,post_rest_EO,8.573,786.0,False,,False,786.0
0727 chen_try.vhdr,post_rest_05_EO,post_rest_EO,9.376,803.0,False,,False,803.0
0727 chen_try.vhdr,post_rest_05_EO,post_rest_EO,10.208,832.0,False,,False,832.0
0727 chen_try.vhdr,post_rest_05_EO,post_rest_EO,10.984,776.0,False,,False,776.0
0727 chen_try.vhdr,post_rest_05_EO,post_rest_EO,11.791,807.0,False,,False,807.0
0727 chen_try.vhdr,post_rest_05_EO,post_rest_EO,12.637,846.0,False,,False,846.0
0727 chen_try.vhdr,post_rest_05_EO,post_rest_EO,13.494,857.0,False,,False,857.0
0727 chen_try.vhdr,post_rest_05_EO,post_rest_EO,14.339,845.0,False,,False,845.0
0727 chen_try.vhdr,post_rest_05_EO,post_rest_EO,15.189,850.0,False,,False,850.0
0727 chen_try.vhdr,post_rest_05_EO,post_rest_EO,16.006,817.0,False,,False,817.0
0727 chen_try.vhdr,post_rest_05_EO,post_rest_EO,16.868,862.0,False,,False,862.0
0727 chen_try.vhdr,post_rest_05_EO,post_rest_EO,17.73,862.0,False,,False,862.0
0727 chen_try.vhdr,post_rest_05_EO,post_rest_EO,18.511,781.0,False,,False,781.0
0727 chen_try.vhdr,post_rest_05_EO,post_rest_EO,19.273,762.0,False,,False,762.0
0727 chen_try.vhdr,post_rest_05_EO,post_rest_EO,20.079,806.0,False,,False,806.0
0727 chen_try.vhdr,post_rest_05_EO,post_rest_EO,20.944,865.0,False,,False,865.0
0727 chen_try.vhdr,post_rest_05_EO,post_rest_EO,21.703,759.0,False,,False,759.0
0727 chen_try.vhdr,post_rest_05_EO,post_rest_EO,22.406,703.0,False,,False,703.0
0727 chen_try.vhdr,post_rest_05_EO,post_rest_EO,23.101,695.0,False,,False,695.0
0727 chen_try.vhdr,post_rest_05_EO,post_rest_EO,23.836,735.0,False,,False,735.0
0727 chen_try.vhdr,post_rest_05_EO,post_rest_EO,24.667,831.0,False,,False,831.0
0727 chen_try.vhdr,post_rest_05_EO,post_rest_EO,25.658,991.0,True,global_mad,False,
0727 chen_try.vhdr,post_rest_05_EO,post_rest_EO,26.599,941.0,True,global_mad,False,
0727 chen_try.vhdr,post_rest_05_EO,post_rest_EO,27.523,924.0,False,,False,924.0
0727 chen_try.vhdr,post_rest_05_EO,post_rest_EO,28.33,807.0,False,,False,807.0
0727 chen_try.vhdr,post_rest_05_EO,post_rest_EO,29.118,788.0,False,,False,788.0
0727 chen_try.vhdr,post_rest_05_EO,post_rest_EO,29.836,718.0,False,,False,718.0
0727 chen_try.vhdr,post_rest_05_EO,post_rest_EO,30.523,687.0,False,,False,687.0
0727 chen_try.vhdr,post_rest_05_EO,post_rest_EO,31.227,704.0,False,,False,704.0
0727 chen_try.vhdr,post_rest_05_EO,post_rest_EO,31.981,754.0,False,,False,754.0
0727 chen_try.vhdr,post_rest_05_EO,post_rest_EO,32.727,746.0,False,,False,746.0
0727 chen_try.vhdr,post_rest_05_EO,post_rest_EO,33.499,772.0,False,,False,772.0
0727 chen_try.vhdr,post_rest_05_EO,post_rest_EO,34.299,800.0,False,,False,800.0
0727 chen_try.vhdr,post_rest_05_EO,post_rest_EO,35.155,856.0,False,,False,856.0
0727 chen_try.vhdr,post_rest_05_EO,post_rest_EO,36.047,892.0,False,,False,892.0
0727 chen_try.vhdr,post_rest_05_EO,post_rest_EO,36.857,810.0,False,,False,810.0
0727 chen_try.vhdr,post_rest_05_EO,post_rest_EO,37.631,774.0,False,,False,774.0
0727 chen_try.vhdr,post_rest_05_EO,post_rest_EO,38.412,781.0,False,,False,781.0
0727 chen_try.vhdr,post_rest_05_EO,post_rest_EO,39.213,801.0,False,,False,801.0
0727 chen_try.vhdr,post_rest_05_EO,post_rest_EO,40.032,819.0,False,,False,819.0
0727 chen_try.vhdr,post_rest_05_EO,post_rest_EO,40.813,781.0,False,,False,781.0
0727 chen_try.vhdr,post_rest_05_EO,post_rest_EO,41.66,847.0,False,,False,847.0
0727 chen_try.vhdr,post_rest_05_EO,post_rest_EO,42.53,870.0,False,,False,870.0
0727 chen_try.vhdr,post_rest_05_EO,post_rest_EO,43.394,864.0,False,,False,864.0
0727 chen_try.vhdr,post_rest_05_EO,post_rest_EO,44.181,787.0,False,,False,787.0
0727 chen_try.vhdr,post_rest_05_EO,post_rest_EO,44.951,770.0,False,,False,770.0
0727 chen_try.vhdr,post_rest_05_EO,post_rest_EO,45.75,799.0,False,,False,799.0
0727 chen_try.vhdr,post_rest_05_EO,post_rest_EO,46.566,816.0,False,,False,816.0
0727 chen_try.vhdr,post_rest_05_EO,post_rest_EO,47.42,854.0,False,,False,854.0
0727 chen_try.vhdr,post_rest_05_EO,post_rest_EO,48.201,781.0,False,,False,781.0
0727 chen_try.vhdr,post_rest_05_EO,post_rest_EO,49.009,808.0,False,,False,808.0
0727 chen_try.vhdr,post_rest_05_EO,post_rest_EO,49.838,829.0,False,,False,829.0
0727 chen_try.vhdr,post_rest_05_EO,post_rest_EO,50.695,857.0,False,,False,857.0
0727 chen_try.vhdr,post_rest_05_EO,post_rest_EO,51.544,849.0,False,,False,849.0
0727 chen_try.vhdr,post_rest_05_EO,post_rest_EO,52.329,785.0,False,,False,785.0
0727 chen_try.vhdr,post_rest_05_EO,post_rest_EO,53.143,814.0,False,,False,814.0
0727 chen_try.vhdr,post_rest_05_EO,post_rest_EO,53.986,843.0,False,,False,843.0
0727 chen_try.vhdr,post_rest_05_EO,post_rest_EO,54.856,870.0,False,,False,870.0
0727 chen_try.vhdr,post_rest_05_EO,post_rest_EO,55.67,814.0,False,,False,814.0
0727 chen_try.vhdr,post_rest_05_EO,post_rest_EO,56.489,819.0,False,,False,819.0
0727 chen_try.vhdr,post_rest_05_EO,post_rest_EO,57.326,837.0,False,,False,837.0
0727 chen_try.vhdr,post_rest_05_EO,post_rest_EO,58.186,860.0,False,,False,860.0
0727 chen_try.vhdr,post_rest_05_EO,post_rest_EO,58.985,799.0,False,,False,799.0
0727 chen_try.vhdr,post_rest_05_EO,post_rest_EO,59.794,809.0,False,,False,809.0
0727 chen_try.vhdr,post_rest_05_EO,post_rest_EO,60.625,831.0,False,,False,831.0
0727 chen_try.vhdr,post_rest_05_EO,post_rest_EO,61.478,853.0,False,,False,853.0
0727 chen_try.vhdr,post_rest_05_EO,post_rest_EO,62.276,798.0,False,,False,798.0
0727 chen_try.vhdr,post_rest_05_EO,post_rest_EO,63.057,781.0,False,,False,781.0
0727 chen_try.vhdr,post_rest_05_EO,post_rest_EO,63.846,789.0,False,,False,789.0
0727 chen_try.vhdr,post_rest_05_EO,post_rest_EO,64.66,814.0,False,,False,814.0
0727 chen_try.vhdr,post_rest_05_EO,post_rest_EO,65.463,803.0,False,,False,803.0
0727 chen_try.vhdr,post_rest_05_EO,post_rest_EO,66.238,775.0,False,,False,775.0
0727 chen_try.vhdr,post_rest_05_EO,post_rest_EO,67.036,798.0,False,,False,798.0
0727 chen_try.vhdr,post_rest_05_EO,post_rest_EO,67.86,824.0,False,,False,824.0
0727 chen_try.vhdr,post_rest_05_EO,post_rest_EO,68.672,812.0,False,,False,812.0
0727 chen_try.vhdr,post_rest_05_EO,post_rest_EO,69.425,753.0,False,,False,753.0
0727 chen_try.vhdr,post_rest_05_EO,post_rest_EO,70.2,775.0,False,,False,775.0
0727 chen_try.vhdr,post_rest_05_EO,post_rest_EO,70.978,778.0,False,,False,778.0
0727 chen_try.vhdr,post_rest_05_EO,post_rest_EO,71.785,807.0,False,,False,807.0
0727 chen_try.vhdr,post_rest_05_EO,post_rest_EO,72.565,780.0,False,,False,780.0
0727 chen_try.vhdr,post_rest_05_EO,post_rest_EO,73.339,774.0,False,,False,774.0
0727 chen_try.vhdr,post_rest_05_EO,post_rest_EO,74.159,820.0,False,,False,820.0
0727 chen_try.vhdr,post_rest_05_EO,post_rest_EO,75.006,847.0,False,,False,847.0
0727 chen_try.vhdr,post_rest_05_EO,post_rest_EO,75.817,811.0,False,,False,811.0
0727 chen_try.vhdr,post_rest_05_EO,post_rest_EO,76.58,763.0,False,,False,763.0
0727 chen_try.vhdr,post_rest_05_EO,post_rest_EO,77.354,774.0,False,,False,774.0
0727 chen_try.vhdr,post_rest_05_EO,post_rest_EO,78.122,768.0,False,,False,768.0
0727 chen_try.vhdr,post_rest_05_EO,post_rest_EO,78.896,774.0,False,,False,774.0
0727 chen_try.vhdr,post_rest_05_EO,post_rest_EO,79.623,727.0,False,,False,727.0
0727 chen_try.vhdr,post_rest_05_EO,post_rest_EO,80.371,748.0,False,,False,748.0
0727 chen_try.vhdr,post_rest_05_EO,post_rest_EO,81.139,768.0,False,,False,768.0
0727 chen_try.vhdr,post_rest_05_EO,post_rest_EO,81.932,793.0,False,,False,793.0
0727 chen_try.vhdr,post_rest_05_EO,post_rest_EO,82.706,774.0,False,,False,774.0
0727 chen_try.vhdr,post_rest_05_EO,post_rest_EO,83.458,752.0,False,,False,752.0
0727 chen_try.vhdr,post_rest_05_EO,post_rest_EO,84.225,767.0,False,,False,767.0
0727 chen_try.vhdr,post_rest_05_EO,post_rest_EO,85.016,791.0,False,,False,791.0
0727 chen_try.vhdr,post_rest_05_EO,post_rest_EO,85.8,784.0,False,,False,784.0
0727 chen_try.vhdr,post_rest_05_EO,post_rest_EO,86.531,731.0,False,,False,731.0
0727 chen_try.vhdr,post_rest_05_EO,post_rest_EO,87.295,764.0,False,,False,764.0
0727 chen_try.vhdr,post_rest_05_EO,post_rest_EO,88.073,778.0,False,,False,778.0
0727 chen_try.vhdr,post_rest_05_EO,post_rest_EO,88.858,785.0,False,,False,785.0
0727 chen_try.vhdr,post_rest_05_EO,post_rest_EO,89.592,734.0,False,,False,734.0
0727 chen_try.vhdr,post_rest_05_EO,post_rest_EO,90.352,760.0,False,,False,760.0
0727 chen_try.vhdr,post_rest_05_EO,post_rest_EO,91.124,772.0,False,,False,772.0
0727 chen_try.vhdr,post_rest_05_EO,post_rest_EO,91.902,778.0,False,,False,778.0
0727 chen_try.vhdr,post_rest_05_EO,post_rest_EO,92.643,741.0,False,,False,741.0
0727 chen_try.vhdr,post_rest_05_EO,post_rest_EO,93.374,731.0,False,,False,731.0
0727 chen_try.vhdr,post_rest_05_EO,post_rest_EO,94.111,737.0,False,,False,737.0
0727 chen_try.vhdr,post_rest_05_EO,post_rest_EO,94.881,770.0,False,,False,770.0
0727 chen_try.vhdr,post_rest_05_EO,post_rest_EO,95.619,738.0,False,,False,738.0
0727 chen_try.vhdr,post_rest_05_EO,post_rest_EO,96.358,739.0,False,,False,739.0
0727 chen_try.vhdr,post_rest_05_EO,post_rest_EO,97.124,766.0,False,,False,766.0
0727 chen_try.vhdr,post_rest_05_EO,post_rest_EO,97.931,807.0,False,,False,807.0
0727 chen_try.vhdr,post_rest_05_EO,post_rest_EO,98.723,792.0,False,,False,792.0
0727 chen_try.vhdr,post_rest_05_EO,post_rest_EO,99.444,721.0,False,,False,721.0
0727 chen_try.vhdr,post_rest_05_EO,post_rest_EO,100.192,748.0,False,,False,748.0
0727 chen_try.vhdr,post_rest_05_EO,post_rest_EO,100.932,740.0,False,,False,740.0
0727 chen_try.vhdr,post_rest_05_EO,post_rest_EO,101.68,748.0,False,,False,748.0
0727 chen_try.vhdr,post_rest_05_EO,post_rest_EO,102.4,720.0,False,,False,720.0
0727 chen_try.vhdr,post_rest_05_EO,post_rest_EO,103.09,690.0,False,,False,690.0
0727 chen_try.vhdr,post_rest_05_EO,post_rest_EO,103.799,709.0,False,,False,709.0
0727 chen_try.vhdr,post_rest_05_EO,post_rest_EO,104.533,734.0,False,,False,734.0
0727 chen_try.vhdr,post_rest_05_EO,post_rest_EO,105.317,784.0,False,,False,784.0
0727 chen_try.vhdr,post_rest_05_EO,post_rest_EO,106.061,744.0,False,,False,744.0
0727 chen_try.vhdr,post_rest_05_EO,post_rest_EO,106.826,765.0,False,,False,765.0
0727 chen_try.vhdr,post_rest_05_EO,post_rest_EO,107.592,766.0,False,,False,766.0
0727 chen_try.vhdr,post_rest_05_EO,post_rest_EO,108.383,791.0,False,,False,791.0
0727 chen_try.vhdr,post_rest_05_EO,post_rest_EO,109.108,725.0,False,,False,725.0
0727 chen_try.vhdr,post_rest_05_EO,post_rest_EO,109.841,733.0,False,,False,733.0
0727 chen_try.vhdr,post_rest_05_EO,post_rest_EO,110.58,739.0,False,,False,739.0
0727 chen_try.vhdr,post_rest_05_EO,post_rest_EO,111.347,767.0,False,,False,767.0
0727 chen_try.vhdr,post_rest_05_EO,post_rest_EO,112.085,738.0,False,,False,738.0
0727 chen_try.vhdr,post_rest_05_EO,post_rest_EO,112.807,722.0,False,,False,722.0
0727 chen_try.vhdr,post_rest_05_EO,post_rest_EO,113.554,747.0,False,,False,747.0
0727 chen_try.vhdr,post_rest_05_EO,post_rest_EO,114.333,779.0,False,,False,779.0
0727 chen_try.vhdr,post_rest_05_EO,post_rest_EO,115.145,812.0,False,,False,812.0
0727 chen_try.vhdr,post_rest_05_EO,post_rest_EO,115.898,753.0,False,,False,753.0
0727 chen_try.vhdr,post_rest_05_EO,post_rest_EO,116.685,787.0,False,,False,787.0
0727 chen_try.vhdr,post_rest_05_EO,post_rest_EO,117.494,809.0,False,,False,809.0
0727 chen_try.vhdr,post_rest_05_EO,post_rest_EO,118.306,812.0,False,,False,812.0
0727 chen_try.vhdr,post_rest_05_EO,post_rest_EO,119.043,737.0,False,,False,737.0
0727 chen_try.vhdr,post_rest_05_EO,post_rest_EO,119.795,752.0,False,,False,752.0
0727 chen_try.vhdr,post_rest_06_EC,post_rest_EC,1.685,815.0,False,,False,815.0
0727 chen_try.vhdr,post_rest_06_EC,post_rest_EC,2.5,815.0,False,,False,815.0
0727 chen_try.vhdr,post_rest_06_EC,post_rest_EC,3.258,758.0,False,,False,758.0
0727 chen_try.vhdr,post_rest_06_EC,post_rest_EC,3.997,739.0,False,,False,739.0
0727 chen_try.vhdr,post_rest_06_EC,post_rest_EC,4.741,744.0,False,,False,744.0
0727 chen_try.vhdr,post_rest_06_EC,post_rest_EC,5.513,772.0,False,,False,772.0
0727 chen_try.vhdr,post_rest_06_EC,post_rest_EC,6.328,815.0,False,,False,815.0
0727 chen_try.vhdr,post_rest_06_EC,post_rest_EC,7.102,774.0,False,,False,774.0
0727 chen_try.vhdr,post_rest_06_EC,post_rest_EC,7.936,834.0,False,,False,834.0
0727 chen_try.vhdr,post_rest_06_EC,post_rest_EC,8.805,869.0,False,,False,869.0
0727 chen_try.vhdr,post_rest_06_EC,post_rest_EC,9.671,866.0,False,,False,866.0
0727 chen_try.vhdr,post_rest_06_EC,post_rest_EC,10.442,771.0,False,,False,771.0
0727 chen_try.vhdr,post_rest_06_EC,post_rest_EC,11.174,732.0,False,,False,732.0
0727 chen_try.vhdr,post_rest_06_EC,post_rest_EC,11.928,754.0,False,,False,754.0
0727 chen_try.vhdr,post_rest_06_EC,post_rest_EC,12.702,774.0,False,,False,774.0
0727 chen_try.vhdr,post_rest_06_EC,post_rest_EC,13.502,800.0,False,,False,800.0
0727 chen_try.vhdr,post_rest_06_EC,post_rest_EC,14.26,758.0,False,,False,758.0
0727 chen_try.vhdr,post_rest_06_EC,post_rest_EC,15.015,755.0,False,,False,755.0
0727 chen_try.vhdr,post_rest_06_EC,post_rest_EC,15.774,759.0,False,,False,759.0
0727 chen_try.vhdr,post_rest_06_EC,post_rest_EC,16.561,787.0,False,,False,787.0
0727 chen_try.vhdr,post_rest_06_EC,post_rest_EC,17.371,810.0,False,,False,810.0
0727 chen_try.vhdr,post_rest_06_EC,post_rest_EC,18.113,742.0,False,,False,742.0
0727 chen_try.vhdr,post_rest_06_EC,post_rest_EC,18.9,787.0,False,,False,787.0
0727 chen_try.vhdr,post_rest_06_EC,post_rest_EC,19.691,791.0,False,,False,791.0
0727 chen_try.vhdr,post_rest_06_EC,post_rest_EC,20.51,819.0,False,,False,819.0
0727 chen_try.vhdr,post_rest_06_EC,post_rest_EC,21.271,761.0,False,,False,761.0
0727 chen_try.vhdr,post_rest_06_EC,post_rest_EC,22.077,806.0,False,,False,806.0
0727 chen_try.vhdr,post_rest_06_EC,post_rest_EC,22.877,800.0,False,,False,800.0
0727 chen_try.vhdr,post_rest_06_EC,post_rest_EC,23.674,797.0,False,,False,797.0
0727 chen_try.vhdr,post_rest_06_EC,post_rest_EC,24.408,734.0,False,,False,734.0
0727 chen_try.vhdr,post_rest_06_EC,post_rest_EC,25.149,741.0,False,,False,741.0
0727 chen_try.vhdr,post_rest_06_EC,post_rest_EC,25.904,755.0,False,,False,755.0
0727 chen_try.vhdr,post_rest_06_EC,post_rest_EC,26.693,789.0,False,,False,789.0
0727 chen_try.vhdr,post_rest_06_EC,post_rest_EC,27.499,806.0,False,,False,806.0
0727 chen_try.vhdr,post_rest_06_EC,post_rest_EC,28.251,752.0,False,,False,752.0
0727 chen_try.vhdr,post_rest_06_EC,post_rest_EC,29.015,764.0,False,,False,764.0
0727 chen_try.vhdr,post_rest_06_EC,post_rest_EC,29.786,771.0,False,,False,771.0
0727 chen_try.vhdr,post_rest_06_EC,post_rest_EC,30.577,791.0,False,,False,791.0
0727 chen_try.vhdr,post_rest_06_EC,post_rest_EC,31.37,793.0,False,,False,793.0
0727 chen_try.vhdr,post_rest_06_EC,post_rest_EC,32.119,749.0,False,,False,749.0
0727 chen_try.vhdr,post_rest_06_EC,post_rest_EC,32.887,768.0,False,,False,768.0
0727 chen_try.vhdr,post_rest_06_EC,post_rest_EC,33.655,768.0,False,,False,768.0
0727 chen_try.vhdr,post_rest_06_EC,post_rest_EC,34.421,766.0,False,,False,766.0
0727 chen_try.vhdr,post_rest_06_EC,post_rest_EC,35.141,720.0,False,,False,720.0
0727 chen_try.vhdr,post_rest_06_EC,post_rest_EC,35.875,734.0,False,,False,734.0
0727 chen_try.vhdr,post_rest_06_EC,post_rest_EC,36.605,730.0,False,,False,730.0
0727 chen_try.vhdr,post_rest_06_EC,post_rest_EC,37.395,790.0,False,,False,790.0
0727 chen_try.vhdr,post_rest_06_EC,post_rest_EC,38.204,809.0,False,,False,809.0
0727 chen_try.vhdr,post_rest_06_EC,post_rest_EC,38.981,777.0,False,,False,777.0
0727 chen_try.vhdr,post_rest_06_EC,post_rest_EC,39.799,818.0,False,,False,818.0
0727 chen_try.vhdr,post_rest_06_EC,post_rest_EC,40.632,833.0,False,,False,833.0
0727 chen_try.vhdr,post_rest_06_EC,post_rest_EC,41.408,776.0,False,,False,776.0
0727 chen_try.vhdr,post_rest_06_EC,post_rest_EC,42.122,714.0,False,,False,714.0
0727 chen_try.vhdr,post_rest_06_EC,post_rest_EC,42.855,733.0,False,,False,733.0
0727 chen_try.vhdr,post_rest_06_EC,post_rest_EC,43.592,737.0,False,,False,737.0
0727 chen_try.vhdr,post_rest_06_EC,post_rest_EC,44.354,762.0,False,,False,762.0
0727 chen_try.vhdr,post_rest_06_EC,post_rest_EC,45.087,733.0,False,,False,733.0
0727 chen_try.vhdr,post_rest_06_EC,post_rest_EC,45.866,779.0,False,,False,779.0
0727 chen_try.vhdr,post_rest_06_EC,post_rest_EC,46.716,850.0,False,,False,850.0
0727 chen_try.vhdr,post_rest_06_EC,post_rest_EC,47.556,840.0,False,,False,840.0
0727 chen_try.vhdr,post_rest_06_EC,post_rest_EC,48.321,765.0,False,,False,765.0
0727 chen_try.vhdr,post_rest_06_EC,post_rest_EC,49.103,782.0,False,,False,782.0
0727 chen_try.vhdr,post_rest_06_EC,post_rest_EC,49.877,774.0,False,,False,774.0
0727 chen_try.vhdr,post_rest_06_EC,post_rest_EC,50.671,794.0,False,,False,794.0
0727 chen_try.vhdr,post_rest_06_EC,post_rest_EC,51.403,732.0,False,,False,732.0
0727 chen_try.vhdr,post_rest_06_EC,post_rest_EC,52.154,751.0,False,,False,751.0
0727 chen_try.vhdr,post_rest_06_EC,post_rest_EC,52.924,770.0,False,,False,770.0
0727 chen_try.vhdr,post_rest_06_EC,post_rest_EC,53.712,788.0,False,,False,788.0
0727 chen_try.vhdr,post_rest_06_EC,post_rest_EC,54.457,745.0,False,,False,745.0
0727 chen_try.vhdr,post_rest_06_EC,post_rest_EC,55.205,748.0,False,,False,748.0
0727 chen_try.vhdr,post_rest_06_EC,post_rest_EC,55.963,758.0,False,,False,758.0
0727 chen_try.vhdr,post_rest_06_EC,post_rest_EC,56.752,789.0,False,,False,789.0
0727 chen_try.vhdr,post_rest_06_EC,post_rest_EC,57.558,806.0,False,,False,806.0
0727 chen_try.vhdr,post_rest_06_EC,post_rest_EC,58.313,755.0,False,,False,755.0
0727 chen_try.vhdr,post_rest_06_EC,post_rest_EC,59.095,782.0,False,,False,782.0
0727 chen_try.vhdr,post_rest_06_EC,post_rest_EC,59.912,817.0,False,,False,817.0
0727 chen_try.vhdr,post_rest_06_EC,post_rest_EC,60.76,848.0,False,,False,848.0
0727 chen_try.vhdr,post_rest_06_EC,post_rest_EC,61.521,761.0,False,,False,761.0
0727 chen_try.vhdr,post_rest_06_EC,post_rest_EC,62.3,779.0,False,,False,779.0
0727 chen_try.vhdr,post_rest_06_EC,post_rest_EC,63.077,777.0,False,,False,777.0
0727 chen_try.vhdr,post_rest_06_EC,post_rest_EC,63.862,785.0,False,,False,785.0
0727 chen_try.vhdr,post_rest_06_EC,post_rest_EC,64.612,750.0,False,,False,750.0
0727 chen_try.vhdr,post_rest_06_EC,post_rest_EC,65.381,769.0,False,,False,769.0
0727 chen_try.vhdr,post_rest_06_EC,post_rest_EC,66.169,788.0,False,,False,788.0
0727 chen_try.vhdr,post_rest_06_EC,post_rest_EC,67.001,832.0,False,,False,832.0
0727 chen_try.vhdr,post_rest_06_EC,post_rest_EC,67.79,789.0,False,,False,789.0
0727 chen_try.vhdr,post_rest_06_EC,post_rest_EC,68.575,785.0,False,,False,785.0
0727 chen_try.vhdr,post_rest_06_EC,post_rest_EC,69.351,776.0,False,,False,776.0
0727 chen_try.vhdr,post_rest_06_EC,post_rest_EC,70.149,798.0,False,,False,798.0
0727 chen_try.vhdr,post_rest_06_EC,post_rest_EC,70.897,748.0,False,,False,748.0
0727 chen_try.vhdr,post_rest_06_EC,post_rest_EC,71.644,747.0,False,,False,747.0
0727 chen_try.vhdr,post_rest_06_EC,post_rest_EC,72.398,754.0,False,,False,754.0
0727 chen_try.vhdr,post_rest_06_EC,post_rest_EC,73.175,777.0,False,,False,777.0
0727 chen_try.vhdr,post_rest_06_EC,post_rest_EC,73.957,782.0,False,,False,782.0
0727 chen_try.vhdr,post_rest_06_EC,post_rest_EC,74.752,795.0,False,,False,795.0
0727 chen_try.vhdr,post_rest_06_EC,post_rest_EC,75.567,815.0,False,,False,815.0
0727 chen_try.vhdr,post_rest_06_EC,post_rest_EC,76.399,832.0,False,,False,832.0
0727 chen_try.vhdr,post_rest_06_EC,post_rest_EC,77.2,801.0,False,,False,801.0
0727 chen_try.vhdr,post_rest_06_EC,post_rest_EC,77.99,790.0,False,,False,790.0
0727 chen_try.vhdr,post_rest_06_EC,post_rest_EC,78.778,788.0,False,,False,788.0
0727 chen_try.vhdr,post_rest_06_EC,post_rest_EC,79.56,782.0,False,,False,782.0
0727 chen_try.vhdr,post_rest_06_EC,post_rest_EC,80.298,738.0,False,,False,738.0
0727 chen_try.vhdr,post_rest_06_EC,post_rest_EC,81.055,757.0,False,,False,757.0
0727 chen_try.vhdr,post_rest_06_EC,post_rest_EC,81.842,787.0,False,,False,787.0
0727 chen_try.vhdr,post_rest_06_EC,post_rest_EC,82.647,805.0,False,,False,805.0
0727 chen_try.vhdr,post_rest_06_EC,post_rest_EC,83.398,751.0,False,,False,751.0
0727 chen_try.vhdr,post_rest_06_EC,post_rest_EC,84.16,762.0,False,,False,762.0
0727 chen_try.vhdr,post_rest_06_EC,post_rest_EC,84.924,764.0,False,,False,764.0
0727 chen_try.vhdr,post_rest_06_EC,post_rest_EC,85.714,790.0,False,,False,790.0
0727 chen_try.vhdr,post_rest_06_EC,post_rest_EC,86.47,756.0,False,,False,756.0
0727 chen_try.vhdr,post_rest_06_EC,post_rest_EC,87.237,767.0,False,,False,767.0
0727 chen_try.vhdr,post_rest_06_EC,post_rest_EC,88.018,781.0,False,,False,781.0
0727 chen_try.vhdr,post_rest_06_EC,post_rest_EC,88.823,805.0,False,,False,805.0
0727 chen_try.vhdr,post_rest_06_EC,post_rest_EC,89.581,758.0,False,,False,758.0
0727 chen_try.vhdr,post_rest_06_EC,post_rest_EC,90.325,744.0,False,,False,744.0
0727 chen_try.vhdr,post_rest_06_EC,post_rest_EC,91.08,755.0,False,,False,755.0
0727 chen_try.vhdr,post_rest_06_EC,post_rest_EC,91.841,761.0,False,,False,761.0
0727 chen_try.vhdr,post_rest_06_EC,post_rest_EC,92.572,731.0,False,,False,731.0
0727 chen_try.vhdr,post_rest_06_EC,post_rest_EC,93.291,719.0,False,,False,719.0
0727 chen_try.vhdr,post_rest_06_EC,post_rest_EC,94.059,768.0,False,,False,768.0
0727 chen_try.vhdr,post_rest_06_EC,post_rest_EC,94.861,802.0,False,,False,802.0
0727 chen_try.vhdr,post_rest_06_EC,post_rest_EC,95.679,818.0,False,,False,818.0
0727 chen_try.vhdr,post_rest_06_EC,post_rest_EC,96.445,766.0,False,,False,766.0
0727 chen_try.vhdr,post_rest_06_EC,post_rest_EC,97.234,789.0,False,,False,789.0
0727 chen_try.vhdr,post_rest_06_EC,post_rest_EC,98.014,780.0,False,,False,780.0
0727 chen_try.vhdr,post_rest_06_EC,post_rest_EC,98.785,771.0,False,,False,771.0
0727 chen_try.vhdr,post_rest_06_EC,post_rest_EC,99.503,718.0,False,,False,718.0
0727 chen_try.vhdr,post_rest_06_EC,post_rest_EC,100.272,769.0,False,,False,769.0
0727 chen_try.vhdr,post_rest_06_EC,post_rest_EC,101.052,780.0,False,,False,780.0
0727 chen_try.vhdr,post_rest_06_EC,post_rest_EC,101.88,828.0,False,,False,828.0
0727 chen_try.vhdr,post_rest_06_EC,post_rest_EC,102.642,762.0,False,,False,762.0
0727 chen_try.vhdr,post_rest_06_EC,post_rest_EC,103.43,788.0,False,,False,788.0
0727 chen_try.vhdr,post_rest_06_EC,post_rest_EC,104.222,792.0,False,,False,792.0
0727 chen_try.vhdr,post_rest_06_EC,post_rest_EC,104.999,777.0,False,,False,777.0
0727 chen_try.vhdr,post_rest_06_EC,post_rest_EC,105.721,722.0,False,,False,722.0
0727 chen_try.vhdr,post_rest_06_EC,post_rest_EC,106.483,762.0,False,,False,762.0
0727 chen_try.vhdr,post_rest_06_EC,post_rest_EC,107.253,770.0,False,,False,770.0
0727 chen_try.vhdr,post_rest_06_EC,post_rest_EC,108.026,773.0,False,,False,773.0
0727 chen_try.vhdr,post_rest_06_EC,post_rest_EC,108.744,718.0,False,,False,718.0
0727 chen_try.vhdr,post_rest_06_EC,post_rest_EC,109.516,772.0,False,,False,772.0
0727 chen_try.vhdr,post_rest_06_EC,post_rest_EC,110.303,787.0,False,,False,787.0
0727 chen_try.vhdr,post_rest_06_EC,post_rest_EC,111.119,816.0,False,,False,816.0
0727 chen_try.vhdr,post_rest_06_EC,post_rest_EC,111.878,759.0,False,,False,759.0
0727 chen_try.vhdr,post_rest_06_EC,post_rest_EC,112.672,794.0,False,,False,794.0
0727 chen_try.vhdr,post_rest_06_EC,post_rest_EC,113.476,804.0,False,,False,804.0
0727 chen_try.vhdr,post_rest_06_EC,post_rest_EC,114.264,788.0,False,,False,788.0
0727 chen_try.vhdr,post_rest_06_EC,post_rest_EC,115.002,738.0,False,,False,738.0
0727 chen_try.vhdr,post_rest_06_EC,post_rest_EC,115.771,769.0,False,,False,769.0
0727 chen_try.vhdr,post_rest_06_EC,post_rest_EC,116.555,784.0,False,,False,784.0
0727 chen_try.vhdr,post_rest_06_EC,post_rest_EC,117.35,795.0,False,,False,795.0
0727 chen_try.vhdr,post_rest_06_EC,post_rest_EC,118.105,755.0,False,,False,755.0
0727 chen_try.vhdr,post_rest_06_EC,post_rest_EC,118.884,779.0,False,,False,779.0
0727 chen_try.vhdr,post_rest_06_EC,post_rest_EC,119.674,790.0,False,,False,790.0
0727 chen_try.vhdr,post_rest_06_EC,post_rest_EC,120.414,740.0,False,,False,740.0
0727 chen_try.vhdr,post_rest_06_EC,post_rest_EC,121.169,755.0,False,,False,755.0
0727 chen_try.vhdr,post_rest_06_EC,post_rest_EC,121.956,787.0,False,,False,787.0
0727 chen_try.vhdr,post_rest_06_EC,post_rest_EC,122.782,826.0,False,,False,826.0
0727 chen_try.vhdr,post_rest_06_EC,post_rest_EC,123.618,836.0,False,,False,836.0
